-- MySQL dump 10.13  Distrib 5.7.12, for Win64 (x86_64)
--
-- Host: localhost    Database: sppmdb
-- ------------------------------------------------------
-- Server version	5.7.16-log

/*!40101 SET @OLD_CHARACTER_SET_CLIENT=@@CHARACTER_SET_CLIENT */;
/*!40101 SET @OLD_CHARACTER_SET_RESULTS=@@CHARACTER_SET_RESULTS */;
/*!40101 SET @OLD_COLLATION_CONNECTION=@@COLLATION_CONNECTION */;
/*!40101 SET NAMES utf8 */;
/*!40103 SET @OLD_TIME_ZONE=@@TIME_ZONE */;
/*!40103 SET TIME_ZONE='+00:00' */;
/*!40014 SET @OLD_UNIQUE_CHECKS=@@UNIQUE_CHECKS, UNIQUE_CHECKS=0 */;
/*!40014 SET @OLD_FOREIGN_KEY_CHECKS=@@FOREIGN_KEY_CHECKS, FOREIGN_KEY_CHECKS=0 */;
/*!40101 SET @OLD_SQL_MODE=@@SQL_MODE, SQL_MODE='NO_AUTO_VALUE_ON_ZERO' */;
/*!40111 SET @OLD_SQL_NOTES=@@SQL_NOTES, SQL_NOTES=0 */;

--
-- Table structure for table `auth_group`
--

DROP TABLE IF EXISTS `auth_group`;
/*!40101 SET @saved_cs_client     = @@character_set_client */;
/*!40101 SET character_set_client = utf8 */;
CREATE TABLE `auth_group` (
  `id` int(11) NOT NULL AUTO_INCREMENT,
  `name` varchar(80) NOT NULL,
  PRIMARY KEY (`id`),
  UNIQUE KEY `name` (`name`)
) ENGINE=InnoDB DEFAULT CHARSET=utf8;
/*!40101 SET character_set_client = @saved_cs_client */;

--
-- Dumping data for table `auth_group`
--

LOCK TABLES `auth_group` WRITE;
/*!40000 ALTER TABLE `auth_group` DISABLE KEYS */;
/*!40000 ALTER TABLE `auth_group` ENABLE KEYS */;
UNLOCK TABLES;

--
-- Table structure for table `auth_group_permissions`
--

DROP TABLE IF EXISTS `auth_group_permissions`;
/*!40101 SET @saved_cs_client     = @@character_set_client */;
/*!40101 SET character_set_client = utf8 */;
CREATE TABLE `auth_group_permissions` (
  `id` int(11) NOT NULL AUTO_INCREMENT,
  `group_id` int(11) NOT NULL,
  `permission_id` int(11) NOT NULL,
  PRIMARY KEY (`id`),
  UNIQUE KEY `auth_group_permissions_group_id_0cd325b0_uniq` (`group_id`,`permission_id`),
  KEY `auth_group_permissi_permission_id_84c5c92e_fk_auth_permission_id` (`permission_id`),
  CONSTRAINT `auth_group_permissi_permission_id_84c5c92e_fk_auth_permission_id` FOREIGN KEY (`permission_id`) REFERENCES `auth_permission` (`id`),
  CONSTRAINT `auth_group_permissions_group_id_b120cbf9_fk_auth_group_id` FOREIGN KEY (`group_id`) REFERENCES `auth_group` (`id`)
) ENGINE=InnoDB DEFAULT CHARSET=utf8;
/*!40101 SET character_set_client = @saved_cs_client */;

--
-- Dumping data for table `auth_group_permissions`
--

LOCK TABLES `auth_group_permissions` WRITE;
/*!40000 ALTER TABLE `auth_group_permissions` DISABLE KEYS */;
/*!40000 ALTER TABLE `auth_group_permissions` ENABLE KEYS */;
UNLOCK TABLES;

--
-- Table structure for table `auth_permission`
--

DROP TABLE IF EXISTS `auth_permission`;
/*!40101 SET @saved_cs_client     = @@character_set_client */;
/*!40101 SET character_set_client = utf8 */;
CREATE TABLE `auth_permission` (
  `id` int(11) NOT NULL AUTO_INCREMENT,
  `name` varchar(255) NOT NULL,
  `content_type_id` int(11) NOT NULL,
  `codename` varchar(100) NOT NULL,
  PRIMARY KEY (`id`),
  UNIQUE KEY `auth_permission_content_type_id_01ab375a_uniq` (`content_type_id`,`codename`),
  CONSTRAINT `auth_permissi_content_type_id_2f476e4b_fk_django_content_type_id` FOREIGN KEY (`content_type_id`) REFERENCES `django_content_type` (`id`)
) ENGINE=InnoDB AUTO_INCREMENT=25 DEFAULT CHARSET=utf8;
/*!40101 SET character_set_client = @saved_cs_client */;

--
-- Dumping data for table `auth_permission`
--

LOCK TABLES `auth_permission` WRITE;
/*!40000 ALTER TABLE `auth_permission` DISABLE KEYS */;
INSERT INTO `auth_permission` VALUES (1,'Can add movie',1,'add_movie'),(2,'Can change movie',1,'change_movie'),(3,'Can delete movie',1,'delete_movie'),(4,'Can add log entry',2,'add_logentry'),(5,'Can change log entry',2,'change_logentry'),(6,'Can delete log entry',2,'delete_logentry'),(7,'Can add permission',3,'add_permission'),(8,'Can change permission',3,'change_permission'),(9,'Can delete permission',3,'delete_permission'),(10,'Can add user',4,'add_user'),(11,'Can change user',4,'change_user'),(12,'Can delete user',4,'delete_user'),(13,'Can add group',5,'add_group'),(14,'Can change group',5,'change_group'),(15,'Can delete group',5,'delete_group'),(16,'Can add content type',6,'add_contenttype'),(17,'Can change content type',6,'change_contenttype'),(18,'Can delete content type',6,'delete_contenttype'),(19,'Can add session',7,'add_session'),(20,'Can change session',7,'change_session'),(21,'Can delete session',7,'delete_session'),(22,'Can add rating',8,'add_rating'),(23,'Can change rating',8,'change_rating'),(24,'Can delete rating',8,'delete_rating');
/*!40000 ALTER TABLE `auth_permission` ENABLE KEYS */;
UNLOCK TABLES;

--
-- Table structure for table `auth_user`
--

DROP TABLE IF EXISTS `auth_user`;
/*!40101 SET @saved_cs_client     = @@character_set_client */;
/*!40101 SET character_set_client = utf8 */;
CREATE TABLE `auth_user` (
  `id` int(11) NOT NULL AUTO_INCREMENT,
  `password` varchar(128) NOT NULL,
  `last_login` datetime(6) DEFAULT NULL,
  `is_superuser` tinyint(1) NOT NULL,
  `username` varchar(150) NOT NULL,
  `first_name` varchar(30) NOT NULL,
  `last_name` varchar(30) NOT NULL,
  `email` varchar(254) NOT NULL,
  `is_staff` tinyint(1) NOT NULL,
  `is_active` tinyint(1) NOT NULL,
  `date_joined` datetime(6) NOT NULL,
  PRIMARY KEY (`id`),
  UNIQUE KEY `username` (`username`)
) ENGINE=InnoDB AUTO_INCREMENT=2 DEFAULT CHARSET=utf8;
/*!40101 SET character_set_client = @saved_cs_client */;

--
-- Dumping data for table `auth_user`
--

LOCK TABLES `auth_user` WRITE;
/*!40000 ALTER TABLE `auth_user` DISABLE KEYS */;
INSERT INTO `auth_user` VALUES (1,'pbkdf2_sha256$30000$Lngqu0buEnI3$jj37ut5eckXviDRu5b3IlG9zJO9+a32QRFL7YK7x95g=','2016-11-17 16:36:03.962000',1,'admin','','','admin@admin.com',1,1,'2016-11-07 16:24:13.113000');
/*!40000 ALTER TABLE `auth_user` ENABLE KEYS */;
UNLOCK TABLES;

--
-- Table structure for table `auth_user_groups`
--

DROP TABLE IF EXISTS `auth_user_groups`;
/*!40101 SET @saved_cs_client     = @@character_set_client */;
/*!40101 SET character_set_client = utf8 */;
CREATE TABLE `auth_user_groups` (
  `id` int(11) NOT NULL AUTO_INCREMENT,
  `user_id` int(11) NOT NULL,
  `group_id` int(11) NOT NULL,
  PRIMARY KEY (`id`),
  UNIQUE KEY `auth_user_groups_user_id_94350c0c_uniq` (`user_id`,`group_id`),
  KEY `auth_user_groups_group_id_97559544_fk_auth_group_id` (`group_id`),
  CONSTRAINT `auth_user_groups_group_id_97559544_fk_auth_group_id` FOREIGN KEY (`group_id`) REFERENCES `auth_group` (`id`),
  CONSTRAINT `auth_user_groups_user_id_6a12ed8b_fk_auth_user_id` FOREIGN KEY (`user_id`) REFERENCES `auth_user` (`id`)
) ENGINE=InnoDB DEFAULT CHARSET=utf8;
/*!40101 SET character_set_client = @saved_cs_client */;

--
-- Dumping data for table `auth_user_groups`
--

LOCK TABLES `auth_user_groups` WRITE;
/*!40000 ALTER TABLE `auth_user_groups` DISABLE KEYS */;
/*!40000 ALTER TABLE `auth_user_groups` ENABLE KEYS */;
UNLOCK TABLES;

--
-- Table structure for table `auth_user_user_permissions`
--

DROP TABLE IF EXISTS `auth_user_user_permissions`;
/*!40101 SET @saved_cs_client     = @@character_set_client */;
/*!40101 SET character_set_client = utf8 */;
CREATE TABLE `auth_user_user_permissions` (
  `id` int(11) NOT NULL AUTO_INCREMENT,
  `user_id` int(11) NOT NULL,
  `permission_id` int(11) NOT NULL,
  PRIMARY KEY (`id`),
  UNIQUE KEY `auth_user_user_permissions_user_id_14a6b632_uniq` (`user_id`,`permission_id`),
  KEY `auth_user_user_perm_permission_id_1fbb5f2c_fk_auth_permission_id` (`permission_id`),
  CONSTRAINT `auth_user_user_perm_permission_id_1fbb5f2c_fk_auth_permission_id` FOREIGN KEY (`permission_id`) REFERENCES `auth_permission` (`id`),
  CONSTRAINT `auth_user_user_permissions_user_id_a95ead1b_fk_auth_user_id` FOREIGN KEY (`user_id`) REFERENCES `auth_user` (`id`)
) ENGINE=InnoDB DEFAULT CHARSET=utf8;
/*!40101 SET character_set_client = @saved_cs_client */;

--
-- Dumping data for table `auth_user_user_permissions`
--

LOCK TABLES `auth_user_user_permissions` WRITE;
/*!40000 ALTER TABLE `auth_user_user_permissions` DISABLE KEYS */;
/*!40000 ALTER TABLE `auth_user_user_permissions` ENABLE KEYS */;
UNLOCK TABLES;

--
-- Table structure for table `django_admin_log`
--

DROP TABLE IF EXISTS `django_admin_log`;
/*!40101 SET @saved_cs_client     = @@character_set_client */;
/*!40101 SET character_set_client = utf8 */;
CREATE TABLE `django_admin_log` (
  `id` int(11) NOT NULL AUTO_INCREMENT,
  `action_time` datetime(6) NOT NULL,
  `object_id` longtext,
  `object_repr` varchar(200) NOT NULL,
  `action_flag` smallint(5) unsigned NOT NULL,
  `change_message` longtext NOT NULL,
  `content_type_id` int(11) DEFAULT NULL,
  `user_id` int(11) NOT NULL,
  PRIMARY KEY (`id`),
  KEY `django_admin__content_type_id_c4bce8eb_fk_django_content_type_id` (`content_type_id`),
  KEY `django_admin_log_user_id_c564eba6_fk_auth_user_id` (`user_id`),
  CONSTRAINT `django_admin__content_type_id_c4bce8eb_fk_django_content_type_id` FOREIGN KEY (`content_type_id`) REFERENCES `django_content_type` (`id`),
  CONSTRAINT `django_admin_log_user_id_c564eba6_fk_auth_user_id` FOREIGN KEY (`user_id`) REFERENCES `auth_user` (`id`)
) ENGINE=InnoDB AUTO_INCREMENT=6 DEFAULT CHARSET=utf8;
/*!40101 SET character_set_client = @saved_cs_client */;

--
-- Dumping data for table `django_admin_log`
--

LOCK TABLES `django_admin_log` WRITE;
/*!40000 ALTER TABLE `django_admin_log` DISABLE KEYS */;
INSERT INTO `django_admin_log` VALUES (1,'2016-11-09 15:42:37.798000','1','Movie object',1,'[{\"added\": {}}]',1,1),(2,'2016-11-09 15:42:41.540000','1','Movie object',2,'[]',1,1),(3,'2016-11-16 15:11:20.563000','2','Movie object',1,'[{\"added\": {}}]',1,1),(4,'2016-11-22 13:32:21.490000','2','Movie object',3,'',1,1),(5,'2016-11-22 13:32:50.263000','1','Movie object',3,'',1,1);
/*!40000 ALTER TABLE `django_admin_log` ENABLE KEYS */;
UNLOCK TABLES;

--
-- Table structure for table `django_content_type`
--

DROP TABLE IF EXISTS `django_content_type`;
/*!40101 SET @saved_cs_client     = @@character_set_client */;
/*!40101 SET character_set_client = utf8 */;
CREATE TABLE `django_content_type` (
  `id` int(11) NOT NULL AUTO_INCREMENT,
  `app_label` varchar(100) NOT NULL,
  `model` varchar(100) NOT NULL,
  PRIMARY KEY (`id`),
  UNIQUE KEY `django_content_type_app_label_76bd3d3b_uniq` (`app_label`,`model`)
) ENGINE=InnoDB AUTO_INCREMENT=9 DEFAULT CHARSET=utf8;
/*!40101 SET character_set_client = @saved_cs_client */;

--
-- Dumping data for table `django_content_type`
--

LOCK TABLES `django_content_type` WRITE;
/*!40000 ALTER TABLE `django_content_type` DISABLE KEYS */;
INSERT INTO `django_content_type` VALUES (2,'admin','logentry'),(5,'auth','group'),(3,'auth','permission'),(4,'auth','user'),(6,'contenttypes','contenttype'),(1,'movies','movie'),(8,'movies','rating'),(7,'sessions','session');
/*!40000 ALTER TABLE `django_content_type` ENABLE KEYS */;
UNLOCK TABLES;

--
-- Table structure for table `django_migrations`
--

DROP TABLE IF EXISTS `django_migrations`;
/*!40101 SET @saved_cs_client     = @@character_set_client */;
/*!40101 SET character_set_client = utf8 */;
CREATE TABLE `django_migrations` (
  `id` int(11) NOT NULL AUTO_INCREMENT,
  `app` varchar(255) NOT NULL,
  `name` varchar(255) NOT NULL,
  `applied` datetime(6) NOT NULL,
  PRIMARY KEY (`id`)
) ENGINE=InnoDB AUTO_INCREMENT=31 DEFAULT CHARSET=utf8;
/*!40101 SET character_set_client = @saved_cs_client */;

--
-- Dumping data for table `django_migrations`
--

LOCK TABLES `django_migrations` WRITE;
/*!40000 ALTER TABLE `django_migrations` DISABLE KEYS */;
INSERT INTO `django_migrations` VALUES (1,'contenttypes','0001_initial','2016-11-07 16:19:20.246000'),(2,'auth','0001_initial','2016-11-07 16:19:21.356000'),(3,'admin','0001_initial','2016-11-07 16:19:21.624000'),(4,'admin','0002_logentry_remove_auto_add','2016-11-07 16:19:21.637000'),(5,'contenttypes','0002_remove_content_type_name','2016-11-07 16:19:22.011000'),(6,'auth','0002_alter_permission_name_max_length','2016-11-07 16:19:22.121000'),(7,'auth','0003_alter_user_email_max_length','2016-11-07 16:19:22.220000'),(8,'auth','0004_alter_user_username_opts','2016-11-07 16:19:22.234000'),(9,'auth','0005_alter_user_last_login_null','2016-11-07 16:19:22.331000'),(10,'auth','0006_require_contenttypes_0002','2016-11-07 16:19:22.336000'),(11,'auth','0007_alter_validators_add_error_messages','2016-11-07 16:19:22.350000'),(12,'auth','0008_alter_user_username_max_length','2016-11-07 16:19:22.468000'),(13,'movies','0001_initial','2016-11-07 16:19:22.538000'),(14,'movies','0002_auto_20161105_1757','2016-11-07 16:19:22.691000'),(15,'movies','0003_auto_20161105_2218','2016-11-07 16:19:22.700000'),(16,'movies','0004_auto_20161105_2221','2016-11-07 16:19:22.707000'),(17,'movies','0005_auto_20161105_2232','2016-11-07 16:19:22.715000'),(18,'movies','0006_auto_20161105_2259','2016-11-07 16:19:22.723000'),(19,'movies','0007_auto_20161105_2302','2016-11-07 16:19:22.730000'),(20,'movies','0008_auto_20161106_1424','2016-11-07 16:19:22.738000'),(21,'movies','0009_auto_20161106_1445','2016-11-07 16:19:22.758000'),(22,'movies','0010_auto_20161106_1455','2016-11-07 16:19:22.768000'),(23,'sessions','0001_initial','2016-11-07 16:19:22.838000'),(24,'movies','0011_auto_20161107_1651','2016-11-08 11:37:18.179000'),(25,'movies','0012_auto_20161107_1705','2016-11-08 11:37:18.186000'),(26,'movies','0013_auto_20161117_1541','2016-11-17 20:43:59.623000'),(27,'movies','0014_auto_20161117_1547','2016-11-17 20:43:59.638000'),(28,'movies','0015_auto_20161117_1604','2016-11-17 20:43:59.861000'),(29,'movies','0013_rating','2016-11-17 20:44:00.117000'),(30,'movies','0016_merge_20161117_1701','2016-11-17 20:44:00.123000');
/*!40000 ALTER TABLE `django_migrations` ENABLE KEYS */;
UNLOCK TABLES;

--
-- Table structure for table `django_session`
--

DROP TABLE IF EXISTS `django_session`;
/*!40101 SET @saved_cs_client     = @@character_set_client */;
/*!40101 SET character_set_client = utf8 */;
CREATE TABLE `django_session` (
  `session_key` varchar(40) NOT NULL,
  `session_data` longtext NOT NULL,
  `expire_date` datetime(6) NOT NULL,
  PRIMARY KEY (`session_key`),
  KEY `django_session_de54fa62` (`expire_date`)
) ENGINE=InnoDB DEFAULT CHARSET=utf8;
/*!40101 SET character_set_client = @saved_cs_client */;

--
-- Dumping data for table `django_session`
--

LOCK TABLES `django_session` WRITE;
/*!40000 ALTER TABLE `django_session` DISABLE KEYS */;
INSERT INTO `django_session` VALUES ('0txexnhip7mgob31j9si8pkwnmegagkg','ZDAzMTMyZGJhYjYzMDA1YTQ0NzA0YThhMTc4OGM1MTg0OTNmMTg2MTp7Il9hdXRoX3VzZXJfaGFzaCI6IjQxMTkwZWI3ZWFlMjkyZWFlZGFkOTU5MDRlZDk5NjA1YmM2YjI5MTUiLCJfYXV0aF91c2VyX2JhY2tlbmQiOiJkamFuZ28uY29udHJpYi5hdXRoLmJhY2tlbmRzLk1vZGVsQmFja2VuZCIsIl9hdXRoX3VzZXJfaWQiOiIxIn0=','2016-11-30 15:04:42.725000'),('2prn9oui4m586wbkvmv2w62e45c631yv','ZDAzMTMyZGJhYjYzMDA1YTQ0NzA0YThhMTc4OGM1MTg0OTNmMTg2MTp7Il9hdXRoX3VzZXJfaGFzaCI6IjQxMTkwZWI3ZWFlMjkyZWFlZGFkOTU5MDRlZDk5NjA1YmM2YjI5MTUiLCJfYXV0aF91c2VyX2JhY2tlbmQiOiJkamFuZ28uY29udHJpYi5hdXRoLmJhY2tlbmRzLk1vZGVsQmFja2VuZCIsIl9hdXRoX3VzZXJfaWQiOiIxIn0=','2016-11-30 20:11:05.572000'),('3nadrymvz2bmowdhfm3p2r1jsbdtl2om','ZDAzMTMyZGJhYjYzMDA1YTQ0NzA0YThhMTc4OGM1MTg0OTNmMTg2MTp7Il9hdXRoX3VzZXJfaGFzaCI6IjQxMTkwZWI3ZWFlMjkyZWFlZGFkOTU5MDRlZDk5NjA1YmM2YjI5MTUiLCJfYXV0aF91c2VyX2JhY2tlbmQiOiJkamFuZ28uY29udHJpYi5hdXRoLmJhY2tlbmRzLk1vZGVsQmFja2VuZCIsIl9hdXRoX3VzZXJfaWQiOiIxIn0=','2016-11-30 20:46:39.054000'),('3o6middxlrf105vjho26yrnvhxmp6438','ZDAzMTMyZGJhYjYzMDA1YTQ0NzA0YThhMTc4OGM1MTg0OTNmMTg2MTp7Il9hdXRoX3VzZXJfaGFzaCI6IjQxMTkwZWI3ZWFlMjkyZWFlZGFkOTU5MDRlZDk5NjA1YmM2YjI5MTUiLCJfYXV0aF91c2VyX2JhY2tlbmQiOiJkamFuZ28uY29udHJpYi5hdXRoLmJhY2tlbmRzLk1vZGVsQmFja2VuZCIsIl9hdXRoX3VzZXJfaWQiOiIxIn0=','2016-12-01 10:55:24.788000'),('4nl4afsy6x9h2syddukm2o7u73zkkwew','ZDAzMTMyZGJhYjYzMDA1YTQ0NzA0YThhMTc4OGM1MTg0OTNmMTg2MTp7Il9hdXRoX3VzZXJfaGFzaCI6IjQxMTkwZWI3ZWFlMjkyZWFlZGFkOTU5MDRlZDk5NjA1YmM2YjI5MTUiLCJfYXV0aF91c2VyX2JhY2tlbmQiOiJkamFuZ28uY29udHJpYi5hdXRoLmJhY2tlbmRzLk1vZGVsQmFja2VuZCIsIl9hdXRoX3VzZXJfaWQiOiIxIn0=','2016-11-30 14:56:18.080000'),('592unitgkby570c9onse2oztnsjt22hf','ZDAzMTMyZGJhYjYzMDA1YTQ0NzA0YThhMTc4OGM1MTg0OTNmMTg2MTp7Il9hdXRoX3VzZXJfaGFzaCI6IjQxMTkwZWI3ZWFlMjkyZWFlZGFkOTU5MDRlZDk5NjA1YmM2YjI5MTUiLCJfYXV0aF91c2VyX2JhY2tlbmQiOiJkamFuZ28uY29udHJpYi5hdXRoLmJhY2tlbmRzLk1vZGVsQmFja2VuZCIsIl9hdXRoX3VzZXJfaWQiOiIxIn0=','2016-12-01 10:48:54.463000'),('5g43ozqfl4nbby6gix4yrvu71cr6kw79','ZDAzMTMyZGJhYjYzMDA1YTQ0NzA0YThhMTc4OGM1MTg0OTNmMTg2MTp7Il9hdXRoX3VzZXJfaGFzaCI6IjQxMTkwZWI3ZWFlMjkyZWFlZGFkOTU5MDRlZDk5NjA1YmM2YjI5MTUiLCJfYXV0aF91c2VyX2JhY2tlbmQiOiJkamFuZ28uY29udHJpYi5hdXRoLmJhY2tlbmRzLk1vZGVsQmFja2VuZCIsIl9hdXRoX3VzZXJfaWQiOiIxIn0=','2016-11-30 20:46:23.540000'),('5ny7metdk2i5uj4dg93zvx0tgh7h93mh','ZDAzMTMyZGJhYjYzMDA1YTQ0NzA0YThhMTc4OGM1MTg0OTNmMTg2MTp7Il9hdXRoX3VzZXJfaGFzaCI6IjQxMTkwZWI3ZWFlMjkyZWFlZGFkOTU5MDRlZDk5NjA1YmM2YjI5MTUiLCJfYXV0aF91c2VyX2JhY2tlbmQiOiJkamFuZ28uY29udHJpYi5hdXRoLmJhY2tlbmRzLk1vZGVsQmFja2VuZCIsIl9hdXRoX3VzZXJfaWQiOiIxIn0=','2016-11-30 20:11:01.332000'),('65idxoah1997w7n339js3lny0ysaz671','ZDAzMTMyZGJhYjYzMDA1YTQ0NzA0YThhMTc4OGM1MTg0OTNmMTg2MTp7Il9hdXRoX3VzZXJfaGFzaCI6IjQxMTkwZWI3ZWFlMjkyZWFlZGFkOTU5MDRlZDk5NjA1YmM2YjI5MTUiLCJfYXV0aF91c2VyX2JhY2tlbmQiOiJkamFuZ28uY29udHJpYi5hdXRoLmJhY2tlbmRzLk1vZGVsQmFja2VuZCIsIl9hdXRoX3VzZXJfaWQiOiIxIn0=','2016-12-01 10:50:46.133000'),('6ea2q0ofwmml3tj7mgn0gblzaqjykl8y','ZDAzMTMyZGJhYjYzMDA1YTQ0NzA0YThhMTc4OGM1MTg0OTNmMTg2MTp7Il9hdXRoX3VzZXJfaGFzaCI6IjQxMTkwZWI3ZWFlMjkyZWFlZGFkOTU5MDRlZDk5NjA1YmM2YjI5MTUiLCJfYXV0aF91c2VyX2JhY2tlbmQiOiJkamFuZ28uY29udHJpYi5hdXRoLmJhY2tlbmRzLk1vZGVsQmFja2VuZCIsIl9hdXRoX3VzZXJfaWQiOiIxIn0=','2016-11-30 20:11:08.087000'),('6ep3i0mmgtajrxndsk295yr6w3pjsfwa','ZDAzMTMyZGJhYjYzMDA1YTQ0NzA0YThhMTc4OGM1MTg0OTNmMTg2MTp7Il9hdXRoX3VzZXJfaGFzaCI6IjQxMTkwZWI3ZWFlMjkyZWFlZGFkOTU5MDRlZDk5NjA1YmM2YjI5MTUiLCJfYXV0aF91c2VyX2JhY2tlbmQiOiJkamFuZ28uY29udHJpYi5hdXRoLmJhY2tlbmRzLk1vZGVsQmFja2VuZCIsIl9hdXRoX3VzZXJfaWQiOiIxIn0=','2016-12-01 11:00:23.891000'),('719l5m76dmxfqhl8ed6m82skffapnuga','ZDAzMTMyZGJhYjYzMDA1YTQ0NzA0YThhMTc4OGM1MTg0OTNmMTg2MTp7Il9hdXRoX3VzZXJfaGFzaCI6IjQxMTkwZWI3ZWFlMjkyZWFlZGFkOTU5MDRlZDk5NjA1YmM2YjI5MTUiLCJfYXV0aF91c2VyX2JhY2tlbmQiOiJkamFuZ28uY29udHJpYi5hdXRoLmJhY2tlbmRzLk1vZGVsQmFja2VuZCIsIl9hdXRoX3VzZXJfaWQiOiIxIn0=','2016-12-01 10:57:04.138000'),('7jtdtiz67qlj1jq1k77ddasb7naxz1v8','ZDAzMTMyZGJhYjYzMDA1YTQ0NzA0YThhMTc4OGM1MTg0OTNmMTg2MTp7Il9hdXRoX3VzZXJfaGFzaCI6IjQxMTkwZWI3ZWFlMjkyZWFlZGFkOTU5MDRlZDk5NjA1YmM2YjI5MTUiLCJfYXV0aF91c2VyX2JhY2tlbmQiOiJkamFuZ28uY29udHJpYi5hdXRoLmJhY2tlbmRzLk1vZGVsQmFja2VuZCIsIl9hdXRoX3VzZXJfaWQiOiIxIn0=','2016-12-01 10:16:51.927000'),('7p0djcq6dip48u9fxt40kupryvtph8sy','ZDAzMTMyZGJhYjYzMDA1YTQ0NzA0YThhMTc4OGM1MTg0OTNmMTg2MTp7Il9hdXRoX3VzZXJfaGFzaCI6IjQxMTkwZWI3ZWFlMjkyZWFlZGFkOTU5MDRlZDk5NjA1YmM2YjI5MTUiLCJfYXV0aF91c2VyX2JhY2tlbmQiOiJkamFuZ28uY29udHJpYi5hdXRoLmJhY2tlbmRzLk1vZGVsQmFja2VuZCIsIl9hdXRoX3VzZXJfaWQiOiIxIn0=','2016-12-01 10:11:27.434000'),('86l369hbru1oa1n30qtmdym58x419ywt','ZDAzMTMyZGJhYjYzMDA1YTQ0NzA0YThhMTc4OGM1MTg0OTNmMTg2MTp7Il9hdXRoX3VzZXJfaGFzaCI6IjQxMTkwZWI3ZWFlMjkyZWFlZGFkOTU5MDRlZDk5NjA1YmM2YjI5MTUiLCJfYXV0aF91c2VyX2JhY2tlbmQiOiJkamFuZ28uY29udHJpYi5hdXRoLmJhY2tlbmRzLk1vZGVsQmFja2VuZCIsIl9hdXRoX3VzZXJfaWQiOiIxIn0=','2016-12-01 10:47:33.281000'),('9489igeojt850uoabufpl5u8l9mv8y4r','ZDAzMTMyZGJhYjYzMDA1YTQ0NzA0YThhMTc4OGM1MTg0OTNmMTg2MTp7Il9hdXRoX3VzZXJfaGFzaCI6IjQxMTkwZWI3ZWFlMjkyZWFlZGFkOTU5MDRlZDk5NjA1YmM2YjI5MTUiLCJfYXV0aF91c2VyX2JhY2tlbmQiOiJkamFuZ28uY29udHJpYi5hdXRoLmJhY2tlbmRzLk1vZGVsQmFja2VuZCIsIl9hdXRoX3VzZXJfaWQiOiIxIn0=','2016-12-01 10:16:59.662000'),('989aok12luv0b3ue16c7ohc0c5cbzvy8','ZDAzMTMyZGJhYjYzMDA1YTQ0NzA0YThhMTc4OGM1MTg0OTNmMTg2MTp7Il9hdXRoX3VzZXJfaGFzaCI6IjQxMTkwZWI3ZWFlMjkyZWFlZGFkOTU5MDRlZDk5NjA1YmM2YjI5MTUiLCJfYXV0aF91c2VyX2JhY2tlbmQiOiJkamFuZ28uY29udHJpYi5hdXRoLmJhY2tlbmRzLk1vZGVsQmFja2VuZCIsIl9hdXRoX3VzZXJfaWQiOiIxIn0=','2016-12-01 10:56:54.124000'),('a95z0wp4gu154o2zaakez61dytdtrgzh','ZDAzMTMyZGJhYjYzMDA1YTQ0NzA0YThhMTc4OGM1MTg0OTNmMTg2MTp7Il9hdXRoX3VzZXJfaGFzaCI6IjQxMTkwZWI3ZWFlMjkyZWFlZGFkOTU5MDRlZDk5NjA1YmM2YjI5MTUiLCJfYXV0aF91c2VyX2JhY2tlbmQiOiJkamFuZ28uY29udHJpYi5hdXRoLmJhY2tlbmRzLk1vZGVsQmFja2VuZCIsIl9hdXRoX3VzZXJfaWQiOiIxIn0=','2016-12-01 10:52:34.079000'),('afs4z5aex5bgob6rpyv56oyw33ywuy9f','ZDAzMTMyZGJhYjYzMDA1YTQ0NzA0YThhMTc4OGM1MTg0OTNmMTg2MTp7Il9hdXRoX3VzZXJfaGFzaCI6IjQxMTkwZWI3ZWFlMjkyZWFlZGFkOTU5MDRlZDk5NjA1YmM2YjI5MTUiLCJfYXV0aF91c2VyX2JhY2tlbmQiOiJkamFuZ28uY29udHJpYi5hdXRoLmJhY2tlbmRzLk1vZGVsQmFja2VuZCIsIl9hdXRoX3VzZXJfaWQiOiIxIn0=','2016-12-01 10:36:32.767000'),('c50o2jf1d6bc2ufisyljoavq0pn6tbb9','ZDAzMTMyZGJhYjYzMDA1YTQ0NzA0YThhMTc4OGM1MTg0OTNmMTg2MTp7Il9hdXRoX3VzZXJfaGFzaCI6IjQxMTkwZWI3ZWFlMjkyZWFlZGFkOTU5MDRlZDk5NjA1YmM2YjI5MTUiLCJfYXV0aF91c2VyX2JhY2tlbmQiOiJkamFuZ28uY29udHJpYi5hdXRoLmJhY2tlbmRzLk1vZGVsQmFja2VuZCIsIl9hdXRoX3VzZXJfaWQiOiIxIn0=','2016-11-30 20:46:14.813000'),('ccej1z7y4zr2pub26c322me8lzbyh5hr','ZDAzMTMyZGJhYjYzMDA1YTQ0NzA0YThhMTc4OGM1MTg0OTNmMTg2MTp7Il9hdXRoX3VzZXJfaGFzaCI6IjQxMTkwZWI3ZWFlMjkyZWFlZGFkOTU5MDRlZDk5NjA1YmM2YjI5MTUiLCJfYXV0aF91c2VyX2JhY2tlbmQiOiJkamFuZ28uY29udHJpYi5hdXRoLmJhY2tlbmRzLk1vZGVsQmFja2VuZCIsIl9hdXRoX3VzZXJfaWQiOiIxIn0=','2016-11-30 14:45:52.522000'),('dao9867asbtdq3usgov3gb4tnba6chsp','ZDAzMTMyZGJhYjYzMDA1YTQ0NzA0YThhMTc4OGM1MTg0OTNmMTg2MTp7Il9hdXRoX3VzZXJfaGFzaCI6IjQxMTkwZWI3ZWFlMjkyZWFlZGFkOTU5MDRlZDk5NjA1YmM2YjI5MTUiLCJfYXV0aF91c2VyX2JhY2tlbmQiOiJkamFuZ28uY29udHJpYi5hdXRoLmJhY2tlbmRzLk1vZGVsQmFja2VuZCIsIl9hdXRoX3VzZXJfaWQiOiIxIn0=','2016-11-30 20:11:04.044000'),('g3od9mlp3rup99u5jb42ywnn7asyyib8','ZDAzMTMyZGJhYjYzMDA1YTQ0NzA0YThhMTc4OGM1MTg0OTNmMTg2MTp7Il9hdXRoX3VzZXJfaGFzaCI6IjQxMTkwZWI3ZWFlMjkyZWFlZGFkOTU5MDRlZDk5NjA1YmM2YjI5MTUiLCJfYXV0aF91c2VyX2JhY2tlbmQiOiJkamFuZ28uY29udHJpYi5hdXRoLmJhY2tlbmRzLk1vZGVsQmFja2VuZCIsIl9hdXRoX3VzZXJfaWQiOiIxIn0=','2016-12-01 10:14:36.020000'),('gzd0n2mfkmiyvyxp582vh0ng0aq91umq','ZDAzMTMyZGJhYjYzMDA1YTQ0NzA0YThhMTc4OGM1MTg0OTNmMTg2MTp7Il9hdXRoX3VzZXJfaGFzaCI6IjQxMTkwZWI3ZWFlMjkyZWFlZGFkOTU5MDRlZDk5NjA1YmM2YjI5MTUiLCJfYXV0aF91c2VyX2JhY2tlbmQiOiJkamFuZ28uY29udHJpYi5hdXRoLmJhY2tlbmRzLk1vZGVsQmFja2VuZCIsIl9hdXRoX3VzZXJfaWQiOiIxIn0=','2016-11-30 20:11:14.925000'),('hol1i30qdi8ov8iewymgcr2rfcmoquzg','ZDAzMTMyZGJhYjYzMDA1YTQ0NzA0YThhMTc4OGM1MTg0OTNmMTg2MTp7Il9hdXRoX3VzZXJfaGFzaCI6IjQxMTkwZWI3ZWFlMjkyZWFlZGFkOTU5MDRlZDk5NjA1YmM2YjI5MTUiLCJfYXV0aF91c2VyX2JhY2tlbmQiOiJkamFuZ28uY29udHJpYi5hdXRoLmJhY2tlbmRzLk1vZGVsQmFja2VuZCIsIl9hdXRoX3VzZXJfaWQiOiIxIn0=','2016-12-01 10:57:41.417000'),('hutl96o7x351ysly6760axre623conyz','ZDAzMTMyZGJhYjYzMDA1YTQ0NzA0YThhMTc4OGM1MTg0OTNmMTg2MTp7Il9hdXRoX3VzZXJfaGFzaCI6IjQxMTkwZWI3ZWFlMjkyZWFlZGFkOTU5MDRlZDk5NjA1YmM2YjI5MTUiLCJfYXV0aF91c2VyX2JhY2tlbmQiOiJkamFuZ28uY29udHJpYi5hdXRoLmJhY2tlbmRzLk1vZGVsQmFja2VuZCIsIl9hdXRoX3VzZXJfaWQiOiIxIn0=','2016-12-01 10:56:43.991000'),('ivf29jvnb4kc18vsoiid29jggpgkegmv','ZDAzMTMyZGJhYjYzMDA1YTQ0NzA0YThhMTc4OGM1MTg0OTNmMTg2MTp7Il9hdXRoX3VzZXJfaGFzaCI6IjQxMTkwZWI3ZWFlMjkyZWFlZGFkOTU5MDRlZDk5NjA1YmM2YjI5MTUiLCJfYXV0aF91c2VyX2JhY2tlbmQiOiJkamFuZ28uY29udHJpYi5hdXRoLmJhY2tlbmRzLk1vZGVsQmFja2VuZCIsIl9hdXRoX3VzZXJfaWQiOiIxIn0=','2016-12-01 10:36:34.720000'),('lxs0uv12n3fmhm9pzv694mhkx7byvimr','ZDAzMTMyZGJhYjYzMDA1YTQ0NzA0YThhMTc4OGM1MTg0OTNmMTg2MTp7Il9hdXRoX3VzZXJfaGFzaCI6IjQxMTkwZWI3ZWFlMjkyZWFlZGFkOTU5MDRlZDk5NjA1YmM2YjI5MTUiLCJfYXV0aF91c2VyX2JhY2tlbmQiOiJkamFuZ28uY29udHJpYi5hdXRoLmJhY2tlbmRzLk1vZGVsQmFja2VuZCIsIl9hdXRoX3VzZXJfaWQiOiIxIn0=','2016-12-01 10:54:33.988000'),('migughzmyxrs6kttkkjfzo1dunyryhv8','ZDAzMTMyZGJhYjYzMDA1YTQ0NzA0YThhMTc4OGM1MTg0OTNmMTg2MTp7Il9hdXRoX3VzZXJfaGFzaCI6IjQxMTkwZWI3ZWFlMjkyZWFlZGFkOTU5MDRlZDk5NjA1YmM2YjI5MTUiLCJfYXV0aF91c2VyX2JhY2tlbmQiOiJkamFuZ28uY29udHJpYi5hdXRoLmJhY2tlbmRzLk1vZGVsQmFja2VuZCIsIl9hdXRoX3VzZXJfaWQiOiIxIn0=','2016-12-01 10:52:11.626000'),('mm1ox7c217rwopfj648i9go8ien3cb40','ZDAzMTMyZGJhYjYzMDA1YTQ0NzA0YThhMTc4OGM1MTg0OTNmMTg2MTp7Il9hdXRoX3VzZXJfaGFzaCI6IjQxMTkwZWI3ZWFlMjkyZWFlZGFkOTU5MDRlZDk5NjA1YmM2YjI5MTUiLCJfYXV0aF91c2VyX2JhY2tlbmQiOiJkamFuZ28uY29udHJpYi5hdXRoLmJhY2tlbmRzLk1vZGVsQmFja2VuZCIsIl9hdXRoX3VzZXJfaWQiOiIxIn0=','2016-11-30 20:38:22.488000'),('n5x9b2sfcqpgb4wjqsvtbama725my4k3','ZDAzMTMyZGJhYjYzMDA1YTQ0NzA0YThhMTc4OGM1MTg0OTNmMTg2MTp7Il9hdXRoX3VzZXJfaGFzaCI6IjQxMTkwZWI3ZWFlMjkyZWFlZGFkOTU5MDRlZDk5NjA1YmM2YjI5MTUiLCJfYXV0aF91c2VyX2JhY2tlbmQiOiJkamFuZ28uY29udHJpYi5hdXRoLmJhY2tlbmRzLk1vZGVsQmFja2VuZCIsIl9hdXRoX3VzZXJfaWQiOiIxIn0=','2016-11-21 16:24:28.399000'),('noe6rj2tk6tprg3jwc4ckfmyt7fn50qn','ZDAzMTMyZGJhYjYzMDA1YTQ0NzA0YThhMTc4OGM1MTg0OTNmMTg2MTp7Il9hdXRoX3VzZXJfaGFzaCI6IjQxMTkwZWI3ZWFlMjkyZWFlZGFkOTU5MDRlZDk5NjA1YmM2YjI5MTUiLCJfYXV0aF91c2VyX2JhY2tlbmQiOiJkamFuZ28uY29udHJpYi5hdXRoLmJhY2tlbmRzLk1vZGVsQmFja2VuZCIsIl9hdXRoX3VzZXJfaWQiOiIxIn0=','2016-12-01 09:37:04.747000'),('nz1sao5561juk25jkdkqm63ysy1kty2o','ZDAzMTMyZGJhYjYzMDA1YTQ0NzA0YThhMTc4OGM1MTg0OTNmMTg2MTp7Il9hdXRoX3VzZXJfaGFzaCI6IjQxMTkwZWI3ZWFlMjkyZWFlZGFkOTU5MDRlZDk5NjA1YmM2YjI5MTUiLCJfYXV0aF91c2VyX2JhY2tlbmQiOiJkamFuZ28uY29udHJpYi5hdXRoLmJhY2tlbmRzLk1vZGVsQmFja2VuZCIsIl9hdXRoX3VzZXJfaWQiOiIxIn0=','2016-12-01 10:52:23.775000'),('obey6i7nwtngwl0g6bgtaeegchib208d','ZDAzMTMyZGJhYjYzMDA1YTQ0NzA0YThhMTc4OGM1MTg0OTNmMTg2MTp7Il9hdXRoX3VzZXJfaGFzaCI6IjQxMTkwZWI3ZWFlMjkyZWFlZGFkOTU5MDRlZDk5NjA1YmM2YjI5MTUiLCJfYXV0aF91c2VyX2JhY2tlbmQiOiJkamFuZ28uY29udHJpYi5hdXRoLmJhY2tlbmRzLk1vZGVsQmFja2VuZCIsIl9hdXRoX3VzZXJfaWQiOiIxIn0=','2016-12-01 14:11:07.522000'),('qmbrf4848ylmq3f3soynda580jjxncwi','ZDAzMTMyZGJhYjYzMDA1YTQ0NzA0YThhMTc4OGM1MTg0OTNmMTg2MTp7Il9hdXRoX3VzZXJfaGFzaCI6IjQxMTkwZWI3ZWFlMjkyZWFlZGFkOTU5MDRlZDk5NjA1YmM2YjI5MTUiLCJfYXV0aF91c2VyX2JhY2tlbmQiOiJkamFuZ28uY29udHJpYi5hdXRoLmJhY2tlbmRzLk1vZGVsQmFja2VuZCIsIl9hdXRoX3VzZXJfaWQiOiIxIn0=','2016-12-01 10:55:04.286000'),('qnw03thzkchidk7omvn3s46h0wmriots','ZDAzMTMyZGJhYjYzMDA1YTQ0NzA0YThhMTc4OGM1MTg0OTNmMTg2MTp7Il9hdXRoX3VzZXJfaGFzaCI6IjQxMTkwZWI3ZWFlMjkyZWFlZGFkOTU5MDRlZDk5NjA1YmM2YjI5MTUiLCJfYXV0aF91c2VyX2JhY2tlbmQiOiJkamFuZ28uY29udHJpYi5hdXRoLmJhY2tlbmRzLk1vZGVsQmFja2VuZCIsIl9hdXRoX3VzZXJfaWQiOiIxIn0=','2016-12-01 10:56:14.509000'),('rggvy5c2hz982hvrqnaxmx9ddatuyxth','ZDAzMTMyZGJhYjYzMDA1YTQ0NzA0YThhMTc4OGM1MTg0OTNmMTg2MTp7Il9hdXRoX3VzZXJfaGFzaCI6IjQxMTkwZWI3ZWFlMjkyZWFlZGFkOTU5MDRlZDk5NjA1YmM2YjI5MTUiLCJfYXV0aF91c2VyX2JhY2tlbmQiOiJkamFuZ28uY29udHJpYi5hdXRoLmJhY2tlbmRzLk1vZGVsQmFja2VuZCIsIl9hdXRoX3VzZXJfaWQiOiIxIn0=','2016-11-30 20:33:54.275000'),('rjl2lj49yhcqi5l0iewat0ox5kgro8lf','ZDAzMTMyZGJhYjYzMDA1YTQ0NzA0YThhMTc4OGM1MTg0OTNmMTg2MTp7Il9hdXRoX3VzZXJfaGFzaCI6IjQxMTkwZWI3ZWFlMjkyZWFlZGFkOTU5MDRlZDk5NjA1YmM2YjI5MTUiLCJfYXV0aF91c2VyX2JhY2tlbmQiOiJkamFuZ28uY29udHJpYi5hdXRoLmJhY2tlbmRzLk1vZGVsQmFja2VuZCIsIl9hdXRoX3VzZXJfaWQiOiIxIn0=','2016-12-01 10:17:02.490000'),('s0sizgi0e8ngpisn96no9xv4i1wojaag','ZDAzMTMyZGJhYjYzMDA1YTQ0NzA0YThhMTc4OGM1MTg0OTNmMTg2MTp7Il9hdXRoX3VzZXJfaGFzaCI6IjQxMTkwZWI3ZWFlMjkyZWFlZGFkOTU5MDRlZDk5NjA1YmM2YjI5MTUiLCJfYXV0aF91c2VyX2JhY2tlbmQiOiJkamFuZ28uY29udHJpYi5hdXRoLmJhY2tlbmRzLk1vZGVsQmFja2VuZCIsIl9hdXRoX3VzZXJfaWQiOiIxIn0=','2016-11-30 20:11:40.769000'),('s1zi85w5exqj92a7gvw9yiqzb9y62qq7','ZDAzMTMyZGJhYjYzMDA1YTQ0NzA0YThhMTc4OGM1MTg0OTNmMTg2MTp7Il9hdXRoX3VzZXJfaGFzaCI6IjQxMTkwZWI3ZWFlMjkyZWFlZGFkOTU5MDRlZDk5NjA1YmM2YjI5MTUiLCJfYXV0aF91c2VyX2JhY2tlbmQiOiJkamFuZ28uY29udHJpYi5hdXRoLmJhY2tlbmRzLk1vZGVsQmFja2VuZCIsIl9hdXRoX3VzZXJfaWQiOiIxIn0=','2016-11-30 14:28:11.760000'),('sadnrj4pjmytbre8udl3pfuarfzchngh','ZDAzMTMyZGJhYjYzMDA1YTQ0NzA0YThhMTc4OGM1MTg0OTNmMTg2MTp7Il9hdXRoX3VzZXJfaGFzaCI6IjQxMTkwZWI3ZWFlMjkyZWFlZGFkOTU5MDRlZDk5NjA1YmM2YjI5MTUiLCJfYXV0aF91c2VyX2JhY2tlbmQiOiJkamFuZ28uY29udHJpYi5hdXRoLmJhY2tlbmRzLk1vZGVsQmFja2VuZCIsIl9hdXRoX3VzZXJfaWQiOiIxIn0=','2016-12-01 10:11:17.525000'),('t6xskd3sk62tk1ja9abcv4uws4vwjh24','ZDAzMTMyZGJhYjYzMDA1YTQ0NzA0YThhMTc4OGM1MTg0OTNmMTg2MTp7Il9hdXRoX3VzZXJfaGFzaCI6IjQxMTkwZWI3ZWFlMjkyZWFlZGFkOTU5MDRlZDk5NjA1YmM2YjI5MTUiLCJfYXV0aF91c2VyX2JhY2tlbmQiOiJkamFuZ28uY29udHJpYi5hdXRoLmJhY2tlbmRzLk1vZGVsQmFja2VuZCIsIl9hdXRoX3VzZXJfaWQiOiIxIn0=','2016-12-01 10:55:15.671000'),('x1vjvuyolpcd1c69bpdsh5kjl2ata26k','ZDAzMTMyZGJhYjYzMDA1YTQ0NzA0YThhMTc4OGM1MTg0OTNmMTg2MTp7Il9hdXRoX3VzZXJfaGFzaCI6IjQxMTkwZWI3ZWFlMjkyZWFlZGFkOTU5MDRlZDk5NjA1YmM2YjI5MTUiLCJfYXV0aF91c2VyX2JhY2tlbmQiOiJkamFuZ28uY29udHJpYi5hdXRoLmJhY2tlbmRzLk1vZGVsQmFja2VuZCIsIl9hdXRoX3VzZXJfaWQiOiIxIn0=','2016-11-30 20:11:05.254000'),('y3vr1dirhuin2fk3n5iri4a69lwopoqu','ZDAzMTMyZGJhYjYzMDA1YTQ0NzA0YThhMTc4OGM1MTg0OTNmMTg2MTp7Il9hdXRoX3VzZXJfaGFzaCI6IjQxMTkwZWI3ZWFlMjkyZWFlZGFkOTU5MDRlZDk5NjA1YmM2YjI5MTUiLCJfYXV0aF91c2VyX2JhY2tlbmQiOiJkamFuZ28uY29udHJpYi5hdXRoLmJhY2tlbmRzLk1vZGVsQmFja2VuZCIsIl9hdXRoX3VzZXJfaWQiOiIxIn0=','2016-12-01 10:51:07.467000'),('yq4i3lqs1uwcpolzj5f7gytcb7k596lf','ZDAzMTMyZGJhYjYzMDA1YTQ0NzA0YThhMTc4OGM1MTg0OTNmMTg2MTp7Il9hdXRoX3VzZXJfaGFzaCI6IjQxMTkwZWI3ZWFlMjkyZWFlZGFkOTU5MDRlZDk5NjA1YmM2YjI5MTUiLCJfYXV0aF91c2VyX2JhY2tlbmQiOiJkamFuZ28uY29udHJpYi5hdXRoLmJhY2tlbmRzLk1vZGVsQmFja2VuZCIsIl9hdXRoX3VzZXJfaWQiOiIxIn0=','2016-11-30 22:23:42.030000'),('zn9edq1jtphw2rjcehaj2ii5susa62d8','ZDAzMTMyZGJhYjYzMDA1YTQ0NzA0YThhMTc4OGM1MTg0OTNmMTg2MTp7Il9hdXRoX3VzZXJfaGFzaCI6IjQxMTkwZWI3ZWFlMjkyZWFlZGFkOTU5MDRlZDk5NjA1YmM2YjI5MTUiLCJfYXV0aF91c2VyX2JhY2tlbmQiOiJkamFuZ28uY29udHJpYi5hdXRoLmJhY2tlbmRzLk1vZGVsQmFja2VuZCIsIl9hdXRoX3VzZXJfaWQiOiIxIn0=','2016-12-01 09:36:58.209000'),('zq26wlvtaz3xwvczgh8t1kcx1zw9h2d3','ZDAzMTMyZGJhYjYzMDA1YTQ0NzA0YThhMTc4OGM1MTg0OTNmMTg2MTp7Il9hdXRoX3VzZXJfaGFzaCI6IjQxMTkwZWI3ZWFlMjkyZWFlZGFkOTU5MDRlZDk5NjA1YmM2YjI5MTUiLCJfYXV0aF91c2VyX2JhY2tlbmQiOiJkamFuZ28uY29udHJpYi5hdXRoLmJhY2tlbmRzLk1vZGVsQmFja2VuZCIsIl9hdXRoX3VzZXJfaWQiOiIxIn0=','2016-12-01 10:56:30.208000'),('zqqv474qval7cmziglj6utcw7t9aw9qj','ZDAzMTMyZGJhYjYzMDA1YTQ0NzA0YThhMTc4OGM1MTg0OTNmMTg2MTp7Il9hdXRoX3VzZXJfaGFzaCI6IjQxMTkwZWI3ZWFlMjkyZWFlZGFkOTU5MDRlZDk5NjA1YmM2YjI5MTUiLCJfYXV0aF91c2VyX2JhY2tlbmQiOiJkamFuZ28uY29udHJpYi5hdXRoLmJhY2tlbmRzLk1vZGVsQmFja2VuZCIsIl9hdXRoX3VzZXJfaWQiOiIxIn0=','2016-11-30 13:17:59.985000');
/*!40000 ALTER TABLE `django_session` ENABLE KEYS */;
UNLOCK TABLES;

--
-- Table structure for table `movies_movie`
--

DROP TABLE IF EXISTS `movies_movie`;
/*!40101 SET @saved_cs_client     = @@character_set_client */;
/*!40101 SET character_set_client = utf8 */;
CREATE TABLE `movies_movie` (
  `id` int(11) NOT NULL AUTO_INCREMENT,
  `name` varchar(50) NOT NULL,
  `description` varchar(300) NOT NULL,
  `genre` varchar(30) NOT NULL,
  `image` varchar(100) NOT NULL,
  `actors` varchar(300) NOT NULL,
  `country` varchar(30) NOT NULL,
  `language` varchar(20) NOT NULL,
  `runtime` varchar(10) NOT NULL,
  `year` int(11) NOT NULL,
  PRIMARY KEY (`id`)
) ENGINE=InnoDB AUTO_INCREMENT=400 DEFAULT CHARSET=utf8;
/*!40101 SET character_set_client = @saved_cs_client */;

--
-- Dumping data for table `movies_movie`
--

LOCK TABLES `movies_movie` WRITE;
/*!40000 ALTER TABLE `movies_movie` DISABLE KEYS */;
INSERT INTO `movies_movie` VALUES (3,'Swiss Family Robinson','A Swiss family must survive being shipwrecked on a deserted island.','Adventure, Family','4.jpg','John Mills, Dorothy McGuire, James MacArthur, Janet Munro','USA','English','126 min',1960),(4,'The Mexican','A man tries to transport an ancient gun called The Mexican, believed to carry a curse, back across the border, while his girlfriend pressures him to give up his criminal ways.','Adventure, Comedy, Crime','5.jpg','Brad Pitt, Julia Roberts, James Gandolfini, J.K. Simmons','USA','English, Spanish','123 min',2001),(6,'Brazil','A bureaucrat in a retro-future world tries to correct an administrative error and himself becomes an enemy of the state.','Drama, Sci-Fi','7.jpg','Jonathan Pryce, Robert De Niro, Katherine Helmond, Ian Holm','UK','English','132 min',1985),(7,'Forrest Gump','Forrest Gump, while not intelligent, has accidentally been present at many historic moments, but his true love, Jenny Curran, eludes him.','Drama, Romance','8.jpg','Tom Hanks, Rebecca Williams, Sally Field, Michael Conner Humphreys','USA','English','142 min',1994),(8,'It Happened One Night','A spoiled heiress, running away from her family, is helped by a man who is actually a reporter in need of a story.','Comedy, Romance','9.jpg','Clark Gable, Claudette Colbert, Walter Connolly, Roscoe Karns','USA','English','105 min',1934),(9,'Airplane!','A man afraid to fly must ensure that a plane lands safely after the pilots become sick.','Comedy','10.jpg','Kareem Abdul-Jabbar, Lloyd Bridges, Peter Graves, Julie Hagerty','USA','English','88 min',1980),(10,'The Wedding Planner','Mary Fiore is San Francisco\'s most successful supplier of romance and glamor. She knows all the tricks. She knows all the rules. But then she breaks the most important rule of all: she falls in love with the groom.','Comedy, Romance','11.jpg','Jennifer Lopez, Matthew McConaughey, Bridgette Wilson-Sampras, Justin Chambers','Germany, USA','English, Italian','103 min',2001),(11,'A League of Their Own','Two sisters join the first female professional baseball league and struggle to help it succeed amidst their own growing rivalry.','Comedy, Drama, Sport','12.jpg','Tom Hanks, Geena Davis, Lori Petty, Madonna','USA','English','128 min',1992),(12,'Swordfish','A covert counter-terrorist unit called Black Cell led by Gabriel Shear wants the money to help finance their war against international terrorism, but it\'s all locked away. Gabriel brings in convicted hacker Stanley Jobson to help him.','Action, Crime, Thriller','13.jpg','John Travolta, Hugh Jackman, Halle Berry, Don Cheadle','USA','English, German','99 min',2001),(13,'Indiana Jones and the Temple of Doom','A skirmish in Shanghai puts archaeologist Indiana Jones, his partner Short Round and singer Willie Scott crossing paths with an Indian village desperate to reclaim a rock stolen by a secret cult beneath the catacombs of an ancient palace.','Action, Adventure','14.jpg','Harrison Ford, Kate Capshaw, Jonathan Ke Quan, Amrish Puri','USA','English, Sinhalese','118 min',1984),(14,'A Beautiful Mind','After John Nash, a brilliant but asocial mathematician, accepts secret work in cryptography, his life takes a turn for the nightmarish.','Biography, Drama','15.jpg','Russell Crowe, Ed Harris, Jennifer Connelly, Christopher Plummer','USA','English','135 min',2001),(15,'The Sound of Music','A woman leaves an Austrian convent to become a governess to the children of a Naval officer widower.','Biography, Drama, Family','16.jpg','Julie Andrews, Christopher Plummer, Eleanor Parker, Richard Haydn','USA','English, German','174 min',1965),(16,'Kate & Leopold','Kate and her actor brother live in N.Y. in the 21st Century. Her ex-boyfriend, Stuart, lives above her apartment. Stuart finds a space near the Brooklyn Bridge where there is a gap in time....','Comedy, Fantasy, Romance','17.jpg','Meg Ryan, Hugh Jackman, Liev Schreiber, Breckin Meyer','USA','English, French','118 min',2001),(17,'A Charlie Brown Christmas','Repelled by the commercialism he sees around him, Charlie Brown tries to find the true meaning of Christmas.','Animation, Comedy, Family','18.jpg','Ann Altieri, Chris Doran, Sally Dryer, Bill Melendez','USA','English','25 min',1965),(18,'The Rock','A mild-mannered chemist and an ex-con must lead the counterstrike when a rogue group of military men, led by a renegade general, threaten a nerve gas attack from Alcatraz against San Francisco.','Action, Adventure, Thriller','19.jpg','Sean Connery, Nicolas Cage, Ed Harris, John Spencer','USA','English','136 min',1996),(19,'Coming to America','An African prince goes to Queens, New York City to find a wife whom he can respect for her intelligence and will.','Comedy, Romance','20.jpg','Eddie Murphy, Arsenio Hall, James Earl Jones, John Amos','USA','English','116 min',1988),(20,'Better Off Dead','A teenager has to deal with his girlfriend dumping him among family crises, homicidal paper boys, and a rival skier.','Comedy, Romance','21.jpg','John Cusack, David Ogden Stiers, Kim Darby, Demian Slade','USA','English','97 min',1985),(21,'Mystic River','With a childhood tragedy that overshadowed their lives, three men are reunited by circumstance when one has a family tragedy.','Crime, Drama, Mystery','22.jpg','Sean Penn, Tim Robbins, Kevin Bacon, Laurence Fishburne','USA, Australia','English','138 min',2003),(22,'Double Jeopardy','A woman framed for her husband\'s murder suspects he is still alive; as she has already been tried for the crime, she can\'t be re-prosecuted if she finds and kills him.','Crime, Mystery, Thriller','23.jpg','Tommy Lee Jones, Ashley Judd, Benjamin Weir, Jay Brazeau','USA, Germany, Canada','English','105 min',1999),(23,'Men in Black','A police officer joins a secret organization that polices and monitors extra terrestrial interactions on planet earth.','Adventure, Comedy, Family','24.jpg','Tommy Lee Jones, Will Smith, Linda Fiorentino, Vincent D\'Onofrio','USA','English, Spanish','98 min',1997),(24,'Two Weeks Notice','A lawyer decides that she\'s used too much like a nanny by her boss, so she walks out on him.','Comedy, Romance','25.jpg','Sandra Bullock, Hugh Grant, Alicia Witt, Dana Ivey','USA, Australia','English','101 min',2002),(25,'Austin Powers: International Man of Mystery','A 1960s hipster secret agent is brought out of cryofreeze to oppose his greatest enemy in the 1990s, where his social attitudes are glaringly out of place.','Comedy, Crime','26.jpg','Mike Myers, Elizabeth Hurley, Michael York, Mimi Rogers','USA, Germany','English','89 min',1997),(26,'Chicago','Murderesses Velma Kelly and Roxie Hart find themselves on death row together and fight for the fame that will keep them from the gallows in 1920s Chicago.','Comedy, Crime, Musical','27.jpg','Taye Diggs, Cliff Saunders, Catherine Zeta-Jones, Renée Zellweger','USA, Germany, Canada','English, Hungarian','113 min',2002),(27,'Terms of Endearment','Follows hard-to-please Aurora looking for love and her daughter\'s family problems.','Comedy, Drama','28.jpg','Shirley MacLaine, Debra Winger, Jack Nicholson, Danny DeVito','USA','English','132 min',1983),(28,'The General\'s Daughter','When the daughter of a well-known and well-respected base commander is murdered, an undercover detective is summoned to look into the matter and finds a slew of cover-ups at West Point.','Drama, Mystery, Thriller','29.jpg','John Travolta, Madeleine Stowe, James Cromwell, Timothy Hutton','USA, Germany','English','116 min',1999),(31,'Air Force One','Hijackers seize the plane carrying the President of the United States and his family, but he - an ex-soldier - works from hiding to defeat them.','Action, Adventure, Drama','32.jpg','Harrison Ford, Gary Oldman, Glenn Close, Wendy Crewson','USA, Germany','English, Russian','124 min',1997),(32,'The Game','During World War II, mathematician Alan Turing tries to crack the enigma code with help from fellow mathematicians.','Biography, Drama, Thriller','33.jpg','Benedict Cumberbatch, Keira Knightley, Matthew Goode, Rory Kinnear','UK, USA','English, German','114 min',2014),(33,'Raising Arizona','When a childless couple of an ex-con and an ex-cop decide to help themselves to one of another family\'s quintupelets, their lives get more complicated than they anticipated.','Comedy, Crime, Drama','34.jpg','Nicolas Cage, Holly Hunter, Trey Wilson, John Goodman','USA','English','94 min',1987),(34,'Spider-Man','When bitten by a genetically modified spider, a nerdy, shy, and awkward high school student gains spider-like abilities that he eventually must use to fight evil as a superhero after tragedy befalls his family.','Action, Adventure, Fantasy','35.jpg','Tobey Maguire, Willem Dafoe, Kirsten Dunst, James Franco','USA','English','121 min',2002),(36,'You\'ve Got Mail','Two business rivals who hate each other in the office fall in love over the Internet.','Comedy, Drama, Romance','37.jpg','Tom Hanks, Meg Ryan, Greg Kinnear, Parker Posey','USA','English','119 min',1998),(39,'Austin Powers: The Spy Who Shagged Me','Dr. Evil is back...and has invented a new time machine that allows him to go back to the 60\'s and steal Austin Powers\'s mojo, inadvertently leaving him \\shagless\\.','Action, Adventure, Comedy','40.jpg','Mike Myers, Heather Graham, Michael York, Robert Wagner','USA','English, German','95 min',1999),(40,'The Sweetest Thing','A girl finds she is forced to educate herself on the etiquette of wooing the opposite sex when she finally meets Mr. Right.','Comedy, Romance','41.jpg','Lillian Adams, Herbert W. Ankrom, Bryan Anthony, Christina Applegate','USA','English','88 min',2002),(41,'Rivers and Tides','Portrait of Andy Goldsworthy, an artist whose specialty is ephemeral sculptures made from elements of nature.','Documentary','42.jpg','Andy Goldsworthy','Germany, Finland, UK, Canada','English','90 min',2001),(42,'Dead Poets Society','English teacher John Keating inspires his students to look at poetry with a different perspective of authentic knowledge and feelings.','Comedy, Drama','43.jpg','Robin Williams, Robert Sean Leonard, Ethan Hawke, Josh Charles','USA','English','128 min',1989),(43,'Notting Hill','The life of a simple bookshop owner changes when he meets the most famous film star in the world.','Comedy, Drama, Romance','44.jpg','Julia Roberts, Hugh Grant, Richard McCabe, Rhys Ifans','UK, USA','English, Spanish','124 min',1999),(44,'Dangerous Liaisons','A scheming widow and her manipulative ex-lover make a bet regarding the corruption of a recently married woman.','Drama, Romance','45.jpg','Glenn Close, John Malkovich, Michelle Pfeiffer, Swoosie Kurtz','USA, UK','English','119 min',1988),(45,'Sweet Home Alabama','A young woman who\'s reinvented herself as a New York socialite must return home to Alabama to obtain a divorce from her husband, after seven years of separation.','Comedy, Romance','46.jpg','Reese Witherspoon, Josh Lucas, Patrick Dempsey, Candice Bergen','USA','English','108 min',2002),(46,'Real Women Have Curves','This is the story of Ana, a first generation Mexican-American teenager on the verge of becoming a woman. She lives in the predominately Latino community of East Los Angeles. Freshly ...','Comedy, Drama','47.jpg','America Ferrera, Lupe Ontiveros, Ingrid Oliu, George Lopez','USA','English, Spanish','90 min',2002),(49,'Citizen Ruth','An irresponsible, drug-addicted, recently impregnated woman finds herself in the middle of an abortion debate when both parties attempt to sway her to their respective sides.','Comedy, Drama','50.jpg','Laura Dern, Swoosie Kurtz, Kurtwood Smith, Mary Kay Place','USA','English','106 min',1996),(50,'Blue Crush','As a hard-core surfer girl prepares for a big competition, she finds herself falling for a football player.','Drama, Romance, Sport','51.jpg','Kate Bosworth, Matthew Davis, Michelle Rodriguez, Sanoe Lake','USA, Germany','English','104 min',2002),(51,'Life as a House','When a man is diagnosed with terminal cancer, he takes custody of his misanthropic teenage son, for whom quality time means getting high, engaging in small-time prostitution, and avoiding his father.','Drama','52.jpg','Kevin Kline, Kristin Scott Thomas, Hayden Christensen, Jena Malone','USA','English','125 min',2001),(52,'The Graduate','A disillusioned college graduate finds himself torn between his older lover and her daughter.','Comedy, Drama, Romance','53.jpg','Anne Bancroft, Dustin Hoffman, Katharine Ross, William Daniels','USA','English','106 min',1967),(53,'One Night at McCool\'s','Every man has a different recollection of the beautiful young woman who wreaked havoc on their lives during one heated night.','Comedy, Crime','54.jpg','Matt Dillon, Mary Jo Smith, Michael Douglas, Paul Reiser','USA','English, Spanish','93 min',2001),(54,'13 Going on 30','A 13 year old girl plays a game on her 13th birthday and wakes up the next day as a 30 year old woman.','Comedy, Fantasy, Romance','55.jpg','Jennifer Garner, Mark Ruffalo, Judy Greer, Andy Serkis','USA','Portuguese, English','98 min',2004),(55,'Return to Me','A man who falls in love with the woman who received his wife\'s heart must decide which woman it is who holds his heart.','Comedy, Drama, Romance','56.jpg','David Duchovny, Minnie Driver, Carroll O\'Connor, Robert Loggia','USA','English, Italian','115 min',2000),(56,'Vertigo','A San Francisco detective suffering from acrophobia investigates the strange activities of an old friend\'s wife, all the while becoming dangerously obsessed with her.','Mystery, Romance, Thriller','57.jpg','James Stewart, Kim Novak, Barbara Bel Geddes, Tom Helmore','USA','English','128 min',1958),(57,'Laws of Attraction','Amidst a sea of litigation, two New York City divorce lawyers find love.','Comedy, Romance','58.jpg','Pierce Brosnan, Julianne Moore, Michael Sheen, Parker Posey','Ireland, UK, Germany','English','90 min',2004),(59,'Dirty Harry','When a mad man calling himself \'the Scorpio Killer\' menaces the city, tough as nails San Francisco Police Inspector Harry Callahan is assigned to track down and ferret out the crazed psychopath.','Action, Crime, Thriller','60.jpg','Clint Eastwood, Harry Guardino, Reni Santoni, John Vernon','USA','English','102 min',1971),(60,'Defending Your Life','In an afterlife way station resembling a block of hotels, the lives of the recently-deceased are examined in a court-like setting.','Comedy, Drama, Fantasy','61.jpg','Albert Brooks, Michael Durrell, James Eckhouse, Gary Beach','USA','English, Japanese','112 min',1991),(61,'Sweet and Lowdown','In the 1930s, jazz guitarist Emmet Ray idolizes Django Reinhardt, faces gangsters and falls in love with a mute woman.','Comedy, Drama, Music','62.jpg','Woody Allen, Ben Duncan, Daniel Okrent, Dan Moran','USA','English','95 min',1999),(62,'Titanic','A seventeen-year-old aristocrat falls in love with a kind, but poor artist aboard the luxurious, ill-fated R.M.S. Titanic.','Drama, Romance','63.jpg','Leonardo DiCaprio, Kate Winslet, Billy Zane, Kathy Bates','USA','English','194 min',1997),(63,'Bandits','Two bank robbers fall in love with the girl they\'ve kidnapped.','Comedy, Crime, Drama','64.jpg','Bruce Willis, Billy Bob Thornton, Cate Blanchett, Troy Garity','USA','English','123 min',2001),(66,'Legally Blonde','When a blonde sorority queen is dumped by her boyfriend, she decides to follow him to law school to get him back and, once there, learns she has more legal savvy than she ever imagined.','Comedy, Romance','67.jpg','Reese Witherspoon, Luke Wilson, Selma Blair, Matthew Davis','USA','English','96 min',2001),(67,'Tootsie','Michael Dorsey, an unsuccessful actor, disguises himself as a woman in order to get a role on a trashy hospital soap.','Comedy, Drama, Romance','68.jpg','Dustin Hoffman, Jessica Lange, Teri Garr, Dabney Coleman','USA','English','116 min',1982),(68,'Ghostbusters','Three former parapsychology professors set up shop as a unique ghost removal service.','Adventure, Comedy, Fantasy','69.jpg','Bill Murray, Dan Aykroyd, Sigourney Weaver, Harold Ramis','USA','English','105 min',1984),(69,'Harry Potter and the Sorcerer\'s Stone','Rescued from the outrageous neglect of his aunt and uncle, a young boy with a great destiny proves his worth while attending Hogwarts School of Witchcraft and Wizardry.','Adventure, Family, Fantasy','70.jpg','Richard Harris, Maggie Smith, Robbie Coltrane, Saunders Triplets','UK, USA','English','152 min',2001),(70,'Eternal Sunshine of the Spotless Mind','When their relationship turns sour, a couple undergoes a procedure to have each other erased from their memories. But it is only through the process of loss that they discover what they had to begin with.','Drama, Romance, Sci-Fi','71.jpg','Jim Carrey, Kate Winslet, Gerry Robert Byrne, Elijah Wood','USA','English','108 min',2004),(72,'The Story of Us','Ben and Katie Jordan are a married couple who go through hard times in fifteen years of marriage.','Comedy, Drama, Romance','73.jpg','Bruce Willis, Michelle Pfeiffer, Colleen Rennison, Jake Sandvig','USA','English, Italian','95 min',1999),(73,'What Women Want','After an accident, a chauvenistic executive gains the ability to hear what women are really thinking.','Comedy, Fantasy, Romance','74.jpg','Mel Gibson, Helen Hunt, Marisa Tomei, Alan Alda','USA','English, French','127 min',2000),(74,'Bad Boys','Two loose-cannon narcotics cops investigate the flow of Ecstasy into Florida.','Action, Comedy, Crime','75.jpg','Martin Lawrence, Will Smith, Jordi Mollà, Gabrielle Union','USA','English, Spanish','147 min',2003),(75,'On Golden Pond','Norman is a curmudgeon with an estranged relationship with his daughter Chelsea. At Golden Pond, he and his wife nevertheless agree to care for Billy, the son of Chelsea\'s new boyfriend, and a most unexpected relationship blooms.','Drama','76.jpg','Katharine Hepburn, Henry Fonda, Jane Fonda, Doug McKeon','UK, USA','English','109 min',1981),(76,'America\'s Sweethearts','A movie publicist deals with the messy public split of his movie\'s co-stars while keeping reporters at bay while a reclusive director holds the film\'s print hostage.','Comedy, Romance','77.jpg','Julia Roberts, Billy Crystal, Catherine Zeta-Jones, John Cusack','USA','English','102 min',2001),(77,'The Emperor\'s New Groove','Emperor Kuzco is turned into a llama by his ex-administrator Yzma, and must now regain his throne with the help of Pacha, the gentle llama herder.','Animation, Adventure, Comedy','79.jpg','David Spade, John Goodman, Eartha Kitt, Patrick Warburton','USA','English','78 min',2000),(78,'Parenthood','The Buckman family is a midwestern family all dealing with their lives: estranged relatives, raising children, pressures of the job, and learning to be a good parent and spouse.','Comedy, Drama','80.jpg','Steve Martin, Mary Steenburgen, Dianne Wiest, Jason Robards','USA','English','124 min',1989),(79,'The Silence of the Lambs','A young F.B.I. cadet must confide in an incarcerated and manipulative killer to receive his help on catching another serial killer who skins his victims.','Crime, Drama, Horror','81.jpg','Jodie Foster, Lawrence A. Bonney, Kasi Lemmons, Lawrence T. Wrentz','USA','English','118 min',1991),(80,'The Ladykillers','An eccentric, if not charming Southern professor and his crew pose as a classical ensemble in order to rob a casino, all under the nose of his unsuspecting but sharp old landlady.','Comedy, Crime, Thriller','82.jpg','Tom Hanks, Irma P. Hall, Marlon Wayans, J.K. Simmons','USA','English, Vietnamese','104 min',2004),(81,'Something\'s Gotta Give','A swinger on the cusp of being a senior citizen with a taste for young women falls in love with an accomplished woman closer to his age.','Comedy, Drama, Romance','83.jpg','Jack Nicholson, Diane Keaton, Keanu Reeves, Frances McDormand','USA','French, English','128 min',2003),(82,'Lethal Weapon 3','Martin Riggs and Roger Murtaugh pursue an arms dealer who is a former LAPD officer.','Action, Crime, Thriller','84.jpg','Mel Gibson, Danny Glover, Joe Pesci, Rene Russo','USA','English','118 min',1992),(83,'Patch Adams','The true story of a heroic man, Hunter Patch Adams, determined to become a medical doctor because he enjoys helping people. He ventured where no doctor had ventured before, using humour and pathos.','Biography, Comedy, Drama','85.jpg','Robin Williams, Daniel London, Monica Potter, Philip Seymour Hoffman','USA','English','115 min',1998),(85,'A Nightmare on Elm Street','Several people are hunted by a cruel serial killer who kills his victims in their dreams. While the survivors are trying to find the reason for being chosen, the murderer won\'t lose any chance to kill them as soon as they fall asleep.','Horror','87.jpg','John Saxon, Ronee Blakley, Heather Langenkamp, Amanda Wyss','USA','English','91 min',1984),(87,'Steel Magnolias','A young beautician, newly arrived in a small Louisiana town, finds work at the local salon, where a small group of women share a close bond of friendship and welcome her into the fold.','Comedy, Drama, Romance','89.jpg','Sally Field, Dolly Parton, Shirley MacLaine, Daryl Hannah','USA','English','117 min',1989),(88,'Rain Man','Selfish yuppie Charlie Babbitt\'s father left a fortune to his savant brother Raymond and a pittance to Charlie; they travel cross-country.','Adventure, Drama','90.jpg','Dustin Hoffman, Tom Cruise, Valeria Golino, Gerald R. Molen','USA','English, Italian','133 min',1988),(89,'Erin Brockovich','An unemployed single mother becomes a legal assistant and almost single-handedly brings down a California power company accused of polluting a city\'s water supply.','Biography, Drama','91.jpg','Julia Roberts, David Brisbin, Dawn Didawick, Albert Finney','USA','English','131 min',2000),(90,'Bringing Down the House','When a lonely guy meets a woman on the internet who happens to be in prison, she breaks out to be with him, and proceeds to wreak havoc on his middle-class life.','Comedy','92.jpg','Steve Martin, Queen Latifah, Eugene Levy, Joan Plowright','USA','English','105 min',2003),(91,'Out of Africa','In 20th-century colonial Kenya, a Danish baroness/plantation owner has a passionate love affair with a free-spirited big-game hunter.','Biography, Drama, Romance','93.jpg','Meryl Streep, Robert Redford, Klaus Maria Brandauer, Michael Kitchen','USA, UK','Swahili, English','161 min',1985),(93,'Dave Matthews Band: Listener Supported','\\Listener Supported\\ documents the September 11, 1999, concert at the Continental Airlines Arena in East Rutherford, New Jersey, given by the Dave Matthews Band. The concert includes such ...','Documentary, Music','95.jpg','Carter Beauford, Stefan Lessard, Dave Matthews, LeRoi Moore','USA','English','141 min',1999),(94,'The Santa Clause','When a man inadvertantly kills Santa on Christmas Eve, he finds himself magically recruited to take his place.','Comedy, Drama, Family','96.jpg','Tim Allen, Judge Reinhold, Wendy Crewson, Eric Lloyd','USA','English, Spanish','97 min',1994),(95,'Rocky','Rocky Balboa, a small-time boxer, gets a supremely rare chance to fight the heavy-weight champion, Apollo Creed, in a bout in which he strives to go the distance for his self-respect.','Drama, Sport','97.jpg','Sylvester Stallone, Talia Shire, Burt Young, Carl Weathers','USA','English','120 min',1976),(96,'Raising Helen','After her sister and brother-in-law die in a car accident, a young woman becomes the guardian of their three children.','Comedy, Drama, Romance','98.jpg','Kate Hudson, John Corbett, Joan Cusack, Hayden Panettiere','USA','English','119 min',2004),(97,'Saturday Night Live: The Best of Mike Myers','Mike Myers Is a genius at creating original comic characters, and it all started at Saturday Night Live. Party on with Wayne Campbell on Wayne\'s World, Dieter on Sprockets, Linda Richman on...','Documentary, Comedy','99.jpg','Mike Myers','USA','English','84 min',1998),(98,'Mrs. Winterbourne','Connie Doyle is eighteen and pregnant when her boyfriend kicks her out. She accidentally ends up on a train where she meets Hugh Winterbourne and his wife Patricia who is pregnant. The ...','Comedy, Drama, Romance','100.jpg','Shirley MacLaine, Ricki Lake, Brendan Fraser, Miguel Sandoval','USA','English','105 min',1996),(99,'I Am Sam','A mentally handicapped man fights for custody of his 7-year-old daughter, and in the process teaches his cold hearted lawyer the value of love and family.','Drama','101.jpg','Sean Penn, Michelle Pfeiffer, Dakota Fanning, Dianne Wiest','USA','English','132 min',2001),(100,'Pretty Woman','A man in a legal but hurtful business needs an escort for some social events, and hires a beautiful prostitute he meets... only to fall in love.','Comedy, Romance','102.jpg','Richard Gere, Julia Roberts, Ralph Bellamy, Jason Alexander','USA','English','119 min',1990),(101,'Edward Scissorhands','A gentle man, with scissors for hands, is brought into a new community after living in isolation.','Fantasy, Romance','103.jpg','Johnny Depp, Winona Ryder, Dianne Wiest, Anthony Michael Hall','USA','English','105 min',1990),(103,'Rear Window','A wheelchair-bound photographer spies on his neighbours from his apartment window and becomes convinced one of them has committed murder.','Mystery, Thriller','105.jpg','James Stewart, Grace Kelly, Wendell Corey, Thelma Ritter','USA','English','112 min',1954),(104,'The Big Chill','A group of seven former college friends gather for a weekend reunion at a South Carolina winter house after the funeral of one of their friends.','Comedy, Drama','106.jpg','Tom Berenger, Glenn Close, Jeff Goldblum, William Hurt','USA','English','105 min',1983),(105,'Racing Stripes','An abandoned zebra grows up believing he is a racehorse, and, with the help of his barnyard friends and a teenage girl, sets out to achieve his dream of racing with thoroughbreds.','Adventure, Comedy, Drama','107.jpg','Bruce Greenwood, Hayden Panettiere, Caspar Poyck, Gary Bullock','USA','English','102 min',2005),(106,'Beverly Hills Cop II','Axel Foley returns to Beverly Hills to help Taggart and Rosewood investigate Chief Bogamil\'s near-fatal shooting and the series of \\alphabet crimes\\ associated with it.','Action, Comedy, Crime','108.jpg','Eddie Murphy, Judge Reinhold, Jürgen Prochnow, Ronny Cox','USA','English','100 min',1987),(107,'Blood Simple','A rich but jealous man hires a private investigator to kill his cheating wife and her new man. But, when blood is involved, nothing is simple.','Crime, Thriller','109.jpg','John Getz, Frances McDormand, Dan Hedaya, M. Emmet Walsh','USA','English, Spanish','99 min',1984),(108,'Driving Miss Daisy','An old Jewish woman and her African-American chauffeur in the American South have a relationship that grows and improves over the years.','Comedy, Drama, Family','110.jpg','Morgan Freeman, Jessica Tandy, Dan Aykroyd, Patti LuPone','USA','English, Hebrew','99 min',1989),(109,'Phenomenon','An ordinary man sees a bright light descend from the sky, and discovers he now has super-intelligence and telekinesis.','Drama, Fantasy, Romance','111.jpg','John Travolta, Kyra Sedgwick, Forest Whitaker, Robert Duvall','USA','English','123 min',1996),(110,'Silverado','A misfit bunch of friends come together to right the injustices which exist in a small town.','Action, Crime, Drama','112.jpg','Kevin Kline, Scott Glenn, Kevin Costner, Danny Glover','USA','English','133 min',1985),(111,'O Brother','In the deep south during the 1930s, three escaped convicts search for hidden treasure while a relentless lawman pursues them.','Adventure, Comedy, Crime','113.jpg','George Clooney, John Turturro, Tim Blake Nelson, John Goodman','UK, France, USA','English','106 min',2000),(112,'Annie Hall','Neurotic New York comedian Alvy Singer falls in love with the ditzy Annie Hall.','Comedy, Romance','114.jpg','Woody Allen, Diane Keaton, Tony Roberts, Carol Kane','USA','English, German','93 min',1977),(113,'Catch Me If You Can','The true story of Frank Abagnale Jr. who, before his 19th birthday, successfully conned millions of dollars\' worth of checks as a Pan Am pilot, doctor, and legal prosecutor.','Biography, Crime, Drama','115.jpg','Leonardo DiCaprio, Tom Hanks, Christopher Walken, Martin Sheen','USA, Canada','French, English','141 min',2002),(114,'The Royal Tenenbaums','An estranged family of former child prodigies reunites when their father announces he is terminally ill.','Comedy, Drama','116.jpg','Gene Hackman, Anjelica Huston, Ben Stiller, Gwyneth Paltrow','USA','English, Italian','110 min',2001),(115,'Election','A high school teacher\'s personal life becomes complicated as he works with students during the school elections, particularly with an obsessive overachiever determined to become student body president.','Comedy, Drama','117.jpg','Matthew Broderick, Reese Witherspoon, Chris Klein, Jessica Campbell','USA','English, Spanish','103 min',1999),(116,'My Favorite Wife','Missing for seven years and presumed dead, a woman returns home on the day of her husband\'s second marriage.','Comedy, Romance','118.jpg','Irene Dunne, Cary Grant, Randolph Scott, Gail Patrick','USA','English','88 min',1940),(117,'Stepmom','A terminally ill woman has to settle on her former husband\'s new lover, who will be their children\'s stepmother.','Comedy, Drama','119.jpg','Julia Roberts, Susan Sarandon, Ed Harris, Jena Malone','USA','English','124 min',1998),(119,'Serving Sara','A process server tries to serve an elusive female target.','Comedy, Romance','121.jpg','Matthew Perry, Elizabeth Hurley, Vincent Pastore, Bruce Campbell','Germany, USA','English, Spanish','99 min',2002),(120,'Diabolique','The wife of a cruel headmaster and his mistress conspire to kill him, but after the murder is committed, his body disappears, and strange events begin to plague the two women.','Drama, Horror, Mystery','122.jpg','Simone Signoret, Véra Clouzot, Paul Meurisse, Charles Vanel','France','French, English','116 min',1955),(123,'Angela\'s Ashes','Based on the best selling autobiography by Irish expat Frank McCourt, Angela\'s Ashes follows the experiences of young Frankie and his family as they try against all odds to escape the ...','Drama','125.jpg','Emily Watson, Robert Carlyle, Joe Breen, Ciaran Owens','USA, Ireland','English','145 min',1999),(124,'The Wild One','Two rival motorcycle gangs terrorize a small town after one of their leaders is thrown in jail.','Drama','126.jpg','Marlon Brando, Mary Murphy, Robert Keith, Lee Marvin','USA','English','79 min',1953),(125,'Taxi Driver','A mentally unstable Vietnam War veteran works as a night-time taxi driver in New York City where the perceived decadence and sleaze feeds his urge for violent action, attempting to save a preadolescent prostitute in the process.','Crime, Drama','127.jpg','Diahnne Abbott, Frank Adu, Victor Argo, Gino Ardito','USA','English, Spanish','113 min',1976),(127,'Wag the Dog','Shortly before an election, a spin-doctor and a Hollywood producer join efforts to fabricate a war in order to cover up a presidential sex scandal.','Comedy, Drama','129.jpg','Dustin Hoffman, Robert De Niro, Anne Heche, Denis Leary','USA','English, Albanian','97 min',1997),(129,'Rising Sun','At the offices of a Japanese corporation, during a party, a woman, who\'s evidently a professional mistress, is found dead, apparently after some rough sex. A police detective, Web Smith is ...','Action, Crime, Drama','131.jpg','Sean Connery, Wesley Snipes, Harvey Keitel, Cary-Hiroyuki Tagawa','USA','English, Japanese','129 min',1993),(130,'Bad Day at Black Rock','A one-handed stranger comes to a tiny town possessing a terrible past they want to keep secret, by violent means if necessary.','Crime, Drama, Mystery','132.jpg','Spencer Tracy, Robert Ryan, Anne Francis, Dean Jagger','USA','English','81 min',1955),(132,'A Clockwork Orange','In future Britain, charismatic delinquent Alex DeLarge is jailed and volunteers for an experimental aversion therapy developed by the government in an effort to solve society\'s crime problem - but not all goes according to plan.','Crime, Drama, Sci-Fi','134.jpg','Malcolm McDowell, Patrick Magee, Michael Bates, Warren Clarke','UK, USA','English','136 min',1971),(133,'Lady and the Tramp','The romantic tale of a sheltered uptown Cocker Spaniel dog and a streetwise downtown Mutt.','Animation, Adventure, Comedy','135.jpg','Peggy Lee, Larry Roberts, Bill Baucom, Verna Felton','USA','English','76 min',1955),(134,'Dr. No','A resourceful British government agent seeks answers in a case involving the disappearance of a colleague and the disruption of the American space program.','Action, Adventure, Thriller','136.jpg','Sean Connery, Ursula Andress, Joseph Wiseman, Jack Lord','UK, USA','English, French','110 min',1962),(135,'The Duellists','A duel between two feuding Napoleonic officers eventually evolves into a decades-long series of duels, after each bout - for various reasons - ends unresolved.','Drama, War','137.jpg','Keith Carradine, Harvey Keitel, Albert Finney, Edward Fox','UK','English, Russian','100 min',1977),(136,'The Diary of Anne Frank','Harrowing story of a young Jewish girl who, with her family and their friends, is forced into hiding in an attic in Nazi-occupied Amsterdam.','Biography, Drama, Family','138.jpg','Millie Perkins, Joseph Schildkraut, Shelley Winters, Richard Beymer','USA','English, German','180 min',1959),(137,'The Discreet Charm of the Bourgeoisie','A surreal, virtually plotless series of dreams centered around six middle-class people and their consistently interrupted attempts to have a meal together.','Comedy, Drama, Fantasy','139.jpg','Fernando Rey, Paul Frankeur, Delphine Seyrig, Bulle Ogier','France','French, Spanish','102 min',1972),(139,'Opening Night','An actress suffers an emotional uproar in her personal life after a fan dies trying to see her.','Drama','141.jpg','Gena Rowlands, John Cassavetes, Ben Gazzara, Joan Blondell','USA','English','144 min',1977),(141,'The Philadelphia Story','When a rich woman\'s ex-husband and a tabloid-type reporter turn up just before her planned remarriage, she begins to learn the truth about herself.','Comedy, Romance','143.jpg','Cary Grant, Katharine Hepburn, James Stewart, Ruth Hussey','USA','English, French','112 min',1940),(142,'A Man Escaped','Captured French Resistance fighter Andre Devigny awaits a certain death sentence for espionage in a stark Nazi prison. Facing malnourishment and paralyzing fear, he must engineer an ...','Drama, Thriller, War','144.jpg','François Leterrier, Charles Le Clainche, Maurice Beerblock, Roland Monod','France','French, German','99 min',1956),(143,'Tokyo Story','An old couple visit their children and grandchildren in the city; but the children have little time for them.','Drama','145.jpg','Chishû Ryû, Chieko Higashiyama, Setsuko Hara, Haruko Sugimura','Japan','Japanese, English','136 min',1953),(144,'Smiles of a Summer Night','It\'s late nineteenth century Sweden. Middle aged lawyer Fredrik Egerman and his nineteen year old current wife Anne Egerman\'s two-year marriage has not yet been consummated. Fredrik wants ...','Comedy, Romance','146.jpg','Ulla Jacobsson, Eva Dahlbeck, Harriet Andersson, Margit Carlqvist','Sweden','Swedish','108 min',1955),(145,'The Ref','A cat burglar is forced to take a bickering, dysfunctional family hostage on Christmas Eve.','Comedy, Crime, Drama','147.jpg','Denis Leary, Judy Davis, Kevin Spacey, Robert J. Steinmiller Jr.','USA','English','93 min',1994),(146,'Ran','An elderly lord abdicates to his three sons, and the two corrupt ones turn against him.','Action, Drama','148.jpg','Tatsuya Nakadai, Akira Terao, Jinpachi Nezu, Daisuke Ryû','Japan, France','Japanese','162 min',1985),(148,'Back to the Future','A young man is accidentally sent thirty years into the past in a time-traveling DeLorean invented by his friend, Dr. Emmett Brown, and must make sure his high-school-age parents unite in order to save his own existence.','Adventure, Comedy, Sci-Fi','150.jpg','Michael J. Fox, Christopher Lloyd, Lea Thompson, Crispin Glover','USA','English','116 min',1985),(149,'Bamboozled','A frustrated African-American TV writer proposes a blackface minstrel show in protest, but to his chagrin it becomes a hit.','Comedy, Drama, Music','151.jpg','Damon Wayans, Savion Glover, Jada Pinkett Smith, Tommy Davidson','USA','English','135 min',2000),(150,'The Cook','The wife of an abusive criminal finds solace in the arms of a kind regular guest in her husbands restaurant.','Crime, Drama, Romance','152.jpg','Richard Bohringer, Michael Gambon, Helen Mirren, Alan Howard','UK, France','English','124 min',1989),(151,'Hollywood Ending','A director is forced to work with his ex-wife, who left him for the boss of the studio bankrolling his new film. But the night before the first day of shooting, he develops a case of psychosomatic blindness.','Comedy, Romance','153.jpg','Téa Leoni, Bob Dorian, Ivan Martin, Gregg Edelman','USA','English, Mandarin','112 min',2002),(152,'Scenes from a Mall','On their 16th anniversary, a married couple\'s trip to a Beverly Hills mall becomes the stage for personal revelations and deceptions.','Comedy','154.jpg','Bette Midler, Woody Allen, Bill Irwin, Daren Firestone','USA','English','89 min',1991),(153,'The Honeymoon Killers','An obese, embittered nurse doesn\'t mind if her toupee-wearing boyfriend romances and fleeces other women, as long as he takes her along on his con jobs.','Crime, Drama, Romance','155.jpg','Shirley Stoler, Tony Lo Bianco, Mary Jane Higby, Doris Roberts','USA','English','108 min',1969),(155,'Before Sunset','Nine years after Jesse and Celine first met, they encounter each other again on the French leg of Jesse\'s book tour.','Drama, Romance','157.jpg','Ethan Hawke, Julie Delpy, Vernon Dobtcheff, Louise Lemoine Torrès','USA','French, English','80 min',2004),(157,'Celebrity','The fortunes of a husband and wife differ drastically after they divorce.','Comedy, Drama','159.jpg','Greg Mottola, Jeff Mazzola, Dick Mingalone, Vladimir Bibic','USA','English','113 min',1998),(158,'Epoch: Evolution','10 years after the first Alien object (Torus) arose. Two more Torus appear causing havoc on a global level.','Action, Mystery, Sci-Fi','160.jpg','David Keith, Angel Boris Reed, Billy Dee Williams, Brian Thompson','USA','English, Spanish','94 min',2003),(161,'Joseph Campbell: The Hero\'s Journey','Joseph Campbell discusses the nature of the hero in mythology.','Documentary, Biography','163.jpg','Peter Donat, Joseph Campbell, Richard Adams, James Hillman','USA','English','58 min',1987),(162,'An American Tail','While emigrating to the United States, a young Russian mouse gets separated from his family and must relocate them while trying to survive in a new country.','Animation, Comedy, Drama','164.jpg','Erica Yohn, Nehemiah Persoff, Amy Green, Phillip Glasser','USA','English','80 min',1986),(163,'Waterworld','In a future where the polar ice-caps have melted and Earth is almost entirely submerged, a mutated mariner fights starvation and outlaw \\smokers,\\ and reluctantly helps a woman and a young girl try to find dry land.','Action, Adventure, Sci-Fi','165.jpg','Kevin Costner, Chaim Jeraffi, Rick Aviles, R.D. Call','USA','English','135 min',1995),(164,'Monsters','In order to power the city, monsters have to scare children so that they scream. However, the children are toxic to the monsters, and after a child gets through, two monsters realize things may not be what they think.','Animation, Adventure, Comedy','166.jpg','John Goodman, Billy Crystal, Mary Gibbs, Steve Buscemi','USA','English','92 min',2001),(165,'The Last Picture Show','A group of 1950s high schoolers come of age in a bleak, isolated, atrophied West Texas town that is slowly dying, both economically and culturally.','Drama','167.jpg','Timothy Bottoms, Jeff Bridges, Cybill Shepherd, Ben Johnson','USA','English','118 min',1971),(166,'2001: A Space Odyssey','Humanity finds a mysterious, obviously artificial object buried beneath the Lunar surface and, with the intelligent computer H.A.L. 9000, sets off on a quest.','Adventure, Mystery, Sci-Fi','168.jpg','Keir Dullea, Gary Lockwood, William Sylvester, Daniel Richter','UK, USA','English, Russian','149 min',1968),(168,'Risky Business','A Chicago teenager is looking for fun at home while his parents are away, but the situation quickly gets out of hand.','Comedy, Crime, Drama','170.jpg','Tom Cruise, Rebecca De Mornay, Joe Pantoliano, Richard Masur','USA','English, German','99 min',1983),(171,'Malibu\'s Most Wanted','A senator arranges for his son, a rich white kid who fancies himself black, to be kidnapped by a couple of black actors pretending to be murderers to try and shock him out of his plans to become a rapper.','Comedy, Crime','173.jpg','Jamie Kennedy, Taye Diggs, Anthony Anderson, Regina Hall','USA','English','86 min',2003),(173,'Impromptu','In 1830s France, pianist/composer Frédéric Chopin is pursued romantically by the determined, individualistic woman who uses the name George Sand.','Biography, Comedy, Music','175.jpg','Judy Davis, Hugh Grant, Mandy Patinkin, Bernadette Peters','UK, France','English','107 min',1991),(174,'The Core','The only way to save Earth from catastrophe is to drill down to the core and set it spinning again.','Action, Adventure, Sci-Fi','176.jpg','Christopher Shyer, Ray Galletti, Eileen Pedde, Rekha Sharma','USA, Germany, Canada, UK','English','135 min',2003),(175,'Quiz Show','A young lawyer, Richard Goodwin, investigates a potentially fixed game show. Charles Van Doren, a big time show winner, is under Goodwin\'s investigation.','Drama, History','177.jpg','John Turturro, Rob Morrow, Ralph Fiennes, Paul Scofield','USA','English','133 min',1994),(176,'The Story of Adele H.','Adèle Hugo\'s unrequited love for a lieutenant.','Biography, Drama, History','178.jpg','Isabelle Adjani, Bruce Robinson, Sylvia Marriott, Joseph Blatchley','France','French, English','96 min',1975),(177,'Day for Night','A committed film director struggles to complete his movie while coping with a myriad of crises, personal and professional, among the cast and crew.','Comedy, Drama, Romance','179.jpg','Jacqueline Bisset, Valentina Cortese, Dani, Alexandra Stewart','France, Italy','French, English','115 min',1973),(178,'Enemy of the State','A lawyer becomes a target by a corrupt politician and his NSA goons when he accidentally receives key evidence to a serious politically motivated crime.','Action, Crime, Drama','180.jpg','Will Smith, Gene Hackman, Jon Voight, Lisa Bonet','USA','English','132 min',1998),(179,'Jurassic Park','During a preview tour, a theme park suffers a major power breakdown that allows its cloned dinosaur exhibits to run amok.','Adventure, Sci-Fi, Thriller','181.jpg','Sam Neill, Laura Dern, Jeff Goldblum, Richard Attenborough','USA','English, Spanish','127 min',1993),(180,'Fried Green Tomatoes','A housewife who is unhappy with her life befriends an old lady in a nursing home and is enthralled by the tales she tells of people she used to know.','Drama','182.jpg','Kathy Bates, Mary Stuart Masterson, Mary-Louise Parker, Jessica Tandy','USA','English','130 min',1991),(181,'Harry Potter and the Chamber of Secrets','Harry ignores warnings not to return to Hogwarts, only to find the school plagued by a series of mysterious attacks and a strange voice haunting him.','Adventure, Family, Fantasy','183.jpg','Daniel Radcliffe, Rupert Grint, Emma Watson, Richard Griffiths','UK, USA, Germany','English','161 min',2002),(182,'The Waterboy','A waterboy for a college football team discovers he has a unique tackling ability and becomes a member of the team.','Comedy, Sport','184.jpg','Adam Sandler, Kathy Bates, Henry Winkler, Fairuza Balk','USA','English','90 min',1998),(183,'Kangaroo Jack','Two childhood friends, a New York hairstylist and a would-be musician, get caught up with the mob and are forced to deliver $50,000 to Australia, but things go haywire when the money is lost to a wild kangaroo.','Action, Adventure, Comedy','185.jpg','Jerry O\'Connell, Anthony Anderson, Estella Warren, Christopher Walken','USA, Australia','English','89 min',2003),(184,'Miracle','Miracle tells the true story of Herb Brooks (Russell), the player-turned-coach who led the 1980 U.S. Olympic hockey team to victory over the seemingly invincible Russian squad.','Biography, Drama, History','186.jpg','Kurt Russell, Patricia Clarkson, Noah Emmerich, Sean McCann','USA, Canada','English','135 min',2004),(185,'Independence Day','The aliens are coming and their goal is to invade and destroy Earth. Fighting superior technology, mankind\'s best weapon is the will to survive.','Action, Adventure, Sci-Fi','187.jpg','Will Smith, Bill Pullman, Jeff Goldblum, Mary McDonnell','USA','English','145 min',1996),(186,'The Witches of Eastwick','Three single women in a picturesque village have their wishes granted - at a cost - when a mysterious and flamboyant man arrives in their lives.','Comedy, Fantasy, Horror','188.jpg','Jack Nicholson, Cher, Susan Sarandon, Michelle Pfeiffer','USA','English','118 min',1987),(187,'Mona Lisa Smile','A free-thinking art professor teaches conservative 1950s Wellesley girls to question their traditional social roles.','Drama','189.jpg','Julia Roberts, Kirsten Dunst, Julia Stiles, Maggie Gyllenhaal','USA','English, Italian','117 min',2003),(188,'The Mask of Zorro','A young thief, seeking revenge over the death of his brother, is trained by the once great, but aged Zorro, who is also seeking a vengeance of his own.','Action, Adventure, Comedy','190.jpg','José María de Tavira, Diego Sieres, Emiliano Guerra, Yolanda Orisaga','USA, Germany','English','136 min',1998),(189,'The Celluloid Closet','A documentary surveying the various Hollywood screen depictions of homosexuals and the attitudes behind them throughout the history of North American film.','Documentary, History','191.jpg','Lily Tomlin, Tony Curtis, Susie Bright, Arthur Laurents','France, UK, Germany, USA','English','102 min',1995),(190,'The Lover','The wife of an abusive criminal finds solace in the arms of a kind regular guest in her husbands restaurant.','Crime, Drama, Romance','192.jpg','Richard Bohringer, Michael Gambon, Helen Mirren, Alan Howard','UK, France','English','124 min',1989),(191,'Hotel Rwanda','The true story of Paul Rusesabagina, a hotel manager who housed over a thousand Tutsi refugees during their struggle against the Hutu militia in Rwanda.','Drama, History, War','193.jpg','Xolani Mali, Don Cheadle, Desmond Dube, Hakeem Kae-Kazim','UK, South Africa, Italy','French, English','121 min',2004),(192,'What Dreams May Come','After he dies in a car crash, a man searches heaven and hell for his beloved wife.','Drama, Fantasy, Romance','194.jpg','Robin Williams, Cuba Gooding Jr., Annabella Sciorra, Max von Sydow','USA, New Zealand','English','113 min',1998),(194,'Through a Glass Darkly','Recently released from a mental hospital; Karin rejoins her emotionally disconnected family and their island home, only to slip from reality as she begins to believe she is being visited by God.','Drama','196.jpg','Harriet Andersson, Gunnar Björnstrand, Max von Sydow, Lars Passgård','Sweden','Swedish, Latin','89 min',1961),(195,'That Touch of Mink','A rich businessman and a young woman are attracted to each other, but he only wants an affair while she wants to save her virginity for marriage.','Comedy, Romance','197.jpg','Cary Grant, Doris Day, Gig Young, Audrey Meadows','USA','English','99 min',1962),(196,'The Green Mile','The lives of guards on Death Row are affected by one of their charges: a black man accused of child murder and rape, yet who has a mysterious gift.','Crime, Drama, Fantasy','198.jpg','Tom Hanks, David Morse, Michael Clarke Duncan, Bonnie Hunt','USA','French, English','189 min',1999),(197,'A Few Good Men','Neo military lawyer Kaffee defends Marines accused of murder; they contend they were acting under orders.','Drama, Thriller','199.jpg','Tom Cruise, Jack Nicholson, Demi Moore, Kevin Bacon','USA','English','138 min',1992),(198,'The Name of the Rose','An intellectually nonconformist monk investigates a series of mysterious deaths in an isolated abbey.','Crime, Mystery, Thriller','200.jpg','Sean Connery, Christian Slater, Helmut Qualtinger, Elya Baskin','Italy, West Germany, France','English, Latin','130 min',1986),(199,'Face/Off','In order to foil an extortion plot, an FBI agent undergoes a face-transplant surgery and assumes the identity and physical appearance of a ruthless terrorist, but the plan turns from bad to worse when the same criminal impersonates the cop.','Action, Crime, Sci-Fi','201.jpg','John Travolta, Nicolas Cage, Joan Allen, Alessandro Nivola','USA','English, Latin','138 min',1997),(200,'Hamlet','Hamlet, Prince of Denmark, returns home to find his father murdered and his mother remarrying the murderer, his uncle. Meanwhile, war is brewing.','Drama','202.jpg','Riz Abbasi, Richard Attenborough, David Blair, Brian Blessed','UK, USA','English','242 min',1996),(201,'Repo Man','Young punk Otto becomes a repo man after helping to steal a car, and stumbles into a world of wackiness as a result.','Comedy, Crime, Sci-Fi','203.jpg','Harry Dean Stanton, Emilio Estevez, Tracey Walter, Olivia Barash','USA','English, Spanish','92 min',1984),(202,'Passion of Anna','Andreas, a man struggling with the recent demise of his marriage and his own emotional isolation, befriends a married couple also in the midst of psychological turmoil. In turn he meets ...','Drama','204.jpg','Max von Sydow, Liv Ullmann, Bibi Andersson, Erland Josephson','Sweden','Swedish','101 min',1969),(203,'Mildred Pierce','A hard-working mother inches towards disaster as she divorces her husband and starts a successful restaurant business to support her spoiled daughter.','Crime, Drama, Film-Noir','205.jpg','Joan Crawford, Jack Carson, Zachary Scott, Eve Arden','USA','English','111 min',1945),(205,'Badlands','An impressionable teen girl from a dead-end town and her older greaser boyfriend go on a killing spree in the South Dakota badlands.','Crime, Drama','207.jpg','Martin Sheen, Sissy Spacek, Warren Oates, Ramon Bieri','USA','English, Spanish','94 min',1973),(206,'Escape from the Planet of the Apes','The world is shocked by the appearance of three talking chimpanzees, who arrived mysteriously in a U.S. spacecraft. They become the toast of society; but one man believes them to be a threat to the human race.','Action, Sci-Fi','208.jpg','Roddy McDowall, Kim Hunter, Bradford Dillman, Natalie Trundy','USA','English','98 min',1971),(207,'Blow Up','A mod London photographer seems to find something very suspicious in the shots he has taken of a mysterious beauty in a desolate park.','Drama, Mystery, Thriller','209.jpg','Vanessa Redgrave, Sarah Miles, David Hemmings, John Castle','UK, Italy, USA','English','111 min',1966),(208,'The Shining','A family heads to an isolated hotel for the winter where an evil and spiritual presence influences the father into violence, while his psychic son sees horrific forebodings from the past and of the future.','Drama, Horror','210.jpg','Jack Nicholson, Shelley Duvall, Danny Lloyd, Scatman Crothers','USA, UK','English','146 min',1980),(209,'Big Fish','A frustrated son tries to determine the fact from fiction in his dying father\'s life.','Adventure, Drama, Fantasy','211.jpg','Ewan McGregor, Albert Finney, Billy Crudup, Jessica Lange','USA','English, Cantonese','125 min',2003),(210,'The Accused','After a young woman suffers a brutal rape in a bar one night, a prosecutor assists in bringing the perpetrators to justice, including the ones who encouraged and cheered on the attack.','Crime, Drama','212.jpg','Kelly McGillis, Jodie Foster, Bernie Coulson, Leo Rossi','Canada, USA','English','111 min',1988),(211,'Seems Like Old Times','Wrongfully accused of a bank robbery, a writer seeks the help of his ex-wife, who is now married to the soon-to-be D.A. of California.','Comedy, Romance','213.jpg','Goldie Hawn, Chevy Chase, Charles Grodin, Robert Guillaume','USA','English, Spanish','100 min',1980),(212,'The Jerk','An idiotic man struggles to make it through life on his own in St. Louis.','Comedy','214.jpg','Steve Martin, Bernadette Peters, Catlin Adams, Mabel King','USA','English','94 min',1979),(213,'The Secret of Roan Inish','10-year-old Fiona is sent to live with her grandparents in a small fishing village in Donegal, Ireland. She soon learns the local legend that an ancestor of hers married a Selkie - a seal ...','Drama, Family, Fantasy','215.jpg','Jeni Courtney, Pat Slowey, Dave Duffy, Declan Hannigan','USA, Ireland','English, Irish','103 min',1994),(215,'Kissing Jessica Stein','A woman searching for the perfect man instead discovers the perfect woman.','Comedy, Drama, Romance','217.jpg','Jennifer Westfeldt, Tovah Feldshuh, Esther Wurmfeld, Hillel Friedman','USA','English','97 min',2001),(217,'Harry Potter and the Prisoner of Azkaban','It\'s Harry\'s third year at Hogwarts; not only does he have a new \\Defense Against the Dark Arts\\ teacher, but there is also trouble brewing. Convicted murderer Sirius Black has escaped the Wizards\' Prison and is coming after Harry.','Adventure, Family, Fantasy','219.jpg','Daniel Radcliffe, Richard Griffiths, Pam Ferris, Fiona Shaw','UK, USA','English','142 min',2004),(218,'Lethal Weapon 2','Riggs and Murtaugh are on the trail of South African diplomats who are using their immunity to engage in criminal activities.','Action, Crime, Thriller','220.jpg','Mel Gibson, Danny Glover, Joe Pesci, Joss Ackland','USA','English, Afrikaans','114 min',1989),(219,'Horse Feathers','Quincy Adams Wagstaff, the new president of Huxley University, hires bumblers Baravelli and Pinky to help his school win the big football game against rival Darwin University.','Comedy, Musical, Romance','221.jpg','The Marx Brothers, Groucho Marx, Harpo Marx, Chico Marx','USA','English','68 min',1932),(220,'McCabe & Mrs. Miller','A gambler and a prostitute become business partners in a remote Old West mining town, and their enterprise thrives until a large corporation arrives on the scene.','Drama, Western','222.jpg','Warren Beatty, Julie Christie, Rene Auberjonois, William Devane','USA','Cantonese, English','120 min',1971),(223,'Shadows and Fog','With a serial strangler on the loose, a bookkeeper wanders around town searching for the vigilante group intent on catching the killer.','Comedy','225.jpg','Michael Kirby, Woody Allen, David Ogden Stiers, James Rebhorn','USA','English','85 min',1991),(224,'Power and Terror: Noam Chomsky in Our Times','This documentary compiles a series of Noam Chomsky\'s interviews and lectures that address the events of 9/11.','Documentary','226.jpg','Noam Chomsky','USA, Japan','English','74 min',2002),(226,'Picnic at Hanging Rock','During a rural picnic, a few students and a teacher from an Australian girls\' school vanish without a trace. Their absence frustrates and haunts the people left behind.','Drama, Mystery, Romance','229.jpg','Rachel Roberts, Vivean Gray, Helen Morse, Kirsty Child','Australia','English, French','115 min',1975),(228,'The Sweet Hereafter','A bus crash in a small town brings a lawyer to the town to defend the families, but he discovers that everything is not what it seems.','Drama','232.jpg','Ian Holm, Caerthan Banks, Sarah Polley, Tom McCamus','Canada','English','112 min',1997),(229,'What\'s Up','The accidental mix-up of four identical plaid overnight bags leads to a series of increasingly wild and wacky situations.','Comedy, Romance','233.jpg','Barbra Streisand, Ryan O\'Neal, Madeline Kahn, Kenneth Mars','USA','English','94 min',1972),(230,'Henry & June','In 1931 Paris, Anais Nin meets Henry Miller and his wife June. Intrigued by them both, she begins expanding her sexual horizons with her husband Hugo as well as with Henry and others. June ...','Biography, Drama','234.jpg','Fred Ward, Uma Thurman, Maria de Medeiros, Richard E. Grant','USA','English','136 min',1990),(231,'Camille Claudel','Biography of Camille Claudel. Sister of writer Paul Claudel, her enthusiasm impresses already-famous sculptor Auguste Rodin. He hires her as an assistant, but soon Camille begins to sculpt ...','Biography, Drama, History','235.jpg','Isabelle Adjani, Gérard Depardieu, Madeleine Robinson, Laurent Grévill','France','French','175 min',1988),(233,'Knife in the Water','On their way to a sailing trip, an aging husband and wife invite along an emphatic young hitchhiker out of sheer patronization.','Drama, Thriller','237.jpg','Leon Niemczyk, Jolanta Umecka, Zygmunt Malanowicz','Poland','Polish','94 min',1962),(234,'Last Tango in Paris','A young Parisian woman meets a middle-aged American businessman who demands their clandestine relationship be based only on sex.','Drama, Romance','238.jpg','Marlon Brando, Maria Schneider, Maria Michi, Giovanna Galletti','France, Italy','French, English','129 min',1972),(237,'Carrie','Carrie White, a shy and outcast 17 year-old girl who is sheltered by her domineering, religious mother, unleashes her telekinetic powers after being humiliated by her classmates at her senior prom.','Drama, Fantasy, Horror','241.jpg','Sissy Spacek, Piper Laurie, Amy Irving, William Katt','USA','English','98 min',1976),(238,'Bullets Over Broadway','In New York in 1928, a struggling playwright is forced to cast a mobster\'s talentless girlfriend in his latest drama in order to get it produced.','Comedy, Crime','242.jpg','John Cusack, Dianne Wiest, Jennifer Tilly, Chazz Palminteri','USA','English','98 min',1994),(239,'Monkey Business','A chemist finds his personal and professional life turned upside down when one of his chimpanzees finds the fountain of youth.','Comedy','243.jpg','Cary Grant, Ginger Rogers, Charles Coburn, Marilyn Monroe','USA','English','97 min',1952),(240,'A Home at the End of the World','From the Pulitzer Prize-winning author of \\The Hours\\ comes a story that chronicles a dozen years in the lives of two best friends who couldn\'t be more different. From suburban Cleveland in...','Drama, Romance','244.jpg','Andrew Chalmers, Ryan Donowho, Asia Vieira, Quancetia Hamilton','USA, Canada','English','97 min',2004),(241,'Kiki\'s Delivery Service','A young witch, on her mandatory year of independent life, finds fitting into a new community difficult while she supports herself by running an air courier service.','Animation, Adventure, Drama','245.jpg','Minami Takayama, Rei Sakuma, Kappei Yamaguchi, Keiko Toda','Japan','English, Japanese','103 min',1989),(243,'Wall Street','Based on the true story of Jordan Belfort, from his rise to a wealthy stock-broker living the high life to his fall involving crime, corruption and the federal government.','Biography, Comedy, Crime','247.jpg','Leonardo DiCaprio, Jonah Hill, Margot Robbie, Matthew McConaughey','USA','French, English','180 min',2013),(245,'House of Flying Daggers','A romantic police captain breaks a beautiful member of a rebel group out of prison to help her rejoin her fellows, but things are not what they seem.','Action, Adventure, Drama','249.jpg','Takeshi Kaneshiro, Andy Lau, Ziyi Zhang, Dandan Song','China, Hong Kong','Mandarin','119 min',2004),(246,'Anything Else','Jerry Falk learns a lesson the hard way when he falls head over heels in love with a beautiful but flighty girl, Amanda.','Comedy, Romance','251.jpg','Woody Allen, Jason Biggs, Fisher Stevens, Anthony Arkin','USA, France, UK','English','108 min',2003),(247,'Maze','Thomas is deposited in a community of boys after his memory is erased, soon learning they\'re all trapped in a maze that will require him to join forces with fellow \\runners\\ for a shot at escape.','Action, Mystery, Sci-Fi','252.jpg','Dylan O\'Brien, Aml Ameen, Ki Hong Lee, Blake Cooper','USA, Canada, UK','English','113 min',2014),(248,'House of Games','A psychiatrist comes to the aid of a compulsive gambler and is led by a smooth-talking grifter into the shadowy but compelling world of stings, scams, and con men.','Crime, Thriller','253.jpg','Lindsay Crouse, Joe Mantegna, Mike Nussbaum, Lilia Skala','USA','English','102 min',1987),(249,'His Girl Friday','A newspaper editor uses every trick in the book to keep his ace reporter ex-wife from remarrying.','Comedy, Drama, Romance','255.jpg','Cary Grant, Rosalind Russell, Ralph Bellamy, Gene Lockhart','USA','French, English','92 min',1940),(250,'Kramer vs. Kramer','Ted Kramer\'s wife leaves her husband, allowing for a lost bond to be rediscovered between Ted and his son, Billy. But a heated custody battle ensues over the divorced couple\'s son, deepening the wounds left by the separation.','Drama, Romance','256.jpg','Dustin Hoffman, Meryl Streep, Jane Alexander, Justin Henry','USA','English','105 min',1979),(251,'Breathless','A small-time thief steals a car and impulsively murders a motorcycle policeman. Wanted by the authorities, he reunites with a hip American journalism student and attempts to persuade her to run away with him to Italy.','Crime, Drama','257.jpg','Jean Seberg, Jean-Paul Belmondo, Daniel Boulanger, Henri-Jacques Huet','France','French, English','90 min',1960),(252,'Alice','Nineteen-year-old Alice returns to the magical world from her childhood adventure, where she reunites with her old friends and learns of her true destiny: to end the Red Queen\'s reign of terror.','Adventure, Family, Fantasy','258.jpg','Johnny Depp, Mia Wasikowska, Helena Bonham Carter, Anne Hathaway','USA','English','108 min',2010),(253,'Somewhere in Time','A Chicago playwright uses self-hypnosis to find the actress whose vintage portrait hangs in a grand hotel.','Drama, Fantasy, Romance','259.jpg','Christopher Reeve, Jane Seymour, Christopher Plummer, Teresa Wright','USA','English','103 min',1980),(254,'The Count of Monte Cristo','A young man, falsely imprisoned by his jealous \\friend,\\ escapes and uses a hidden treasure to exact his revenge.','Action, Adventure, Drama','260.jpg','Jim Caviezel, Guy Pearce, Richard Harris, James Frain','UK, USA, Ireland','English','131 min',2002),(255,'Shame','In New York City, Brandon\'s carefully cultivated private life - which allows him to indulge his sexual addiction - is disrupted when his sister arrives unannounced for an indefinite stay.','Drama','261.jpg','Michael Fassbender, Lucy Walters, Mari-Ange Ramirez, James Badge Dale','UK','English','101 min',2011),(256,'Billy Elliot','A talented young boy becomes torn between his unexpected love of dance and the disintegration of his family.','Drama, Music','262.jpg','Jamie Bell, Jean Heywood, Jamie Draven, Gary Lewis','UK, France','English','110 min',2000),(258,'On the Town','Three sailors on a day of shore leave in New York City look for fun and romance before their twenty-four hours are up.','Comedy, Musical, Romance','264.jpg','Gene Kelly, Frank Sinatra, Betty Garrett, Ann Miller','USA','English','98 min',1949),(259,'The Player','A Hollywood studio executive is being sent death threats by a writer whose script he rejected - but which one?','Comedy, Crime, Drama','265.jpg','Tim Robbins, Greta Scacchi, Fred Ward, Whoopi Goldberg','USA','English','124 min',1992),(260,'2 Days in the Valley','48 hours of intersecting lives and crimes in Los Angeles.','Comedy, Crime, Thriller','266.jpg','Danny Aiello, Greg Cruttwell, Jeff Daniels, Teri Hatcher','USA','English, Vietnamese','104 min',1996),(261,'Down With Love','Aaaah... it\'s New York City in 1962, and love is blooming between a journalist and a feminist advice author, who\'s falling head over heels despite her beau\'s playboy lifestyle.','Comedy, Romance','267.jpg','Renée Zellweger, Ewan McGregor, Sarah Paulson, David Hyde Pierce','USA, Germany','English','101 min',2003),(262,'Bull Durham','A fan who has an affair with one minor-league baseball player each season meets an up-and-coming pitcher and the experienced catcher assigned to him.','Comedy, Romance, Sport','268.jpg','Kevin Costner, Susan Sarandon, Tim Robbins, Trey Wilson','USA','English','108 min',1988),(263,'Sleeper','A nerdish store owner is revived out of cryostasis into a future world to fight an oppressive government.','Comedy, Sci-Fi','269.jpg','Woody Allen, Diane Keaton, John Beck, Mary Gregory','USA','Yiddish, English','89 min',1973),(264,'Spider','When bitten by a genetically modified spider, a nerdy, shy, and awkward high school student gains spider-like abilities that he eventually must use to fight evil as a superhero after tragedy befalls his family.','Action, Adventure, Fantasy','270.jpg','Tobey Maguire, Willem Dafoe, Kirsten Dunst, James Franco','USA','English','121 min',2002),(265,'The Great Silence','A mute gunfighter defends a young widow and a group of outlaws against a gang of bounty killers in the winter of 1898, and a grim, tense struggle unfolds.','Western','271.jpg','Jean-Louis Trintignant, Klaus Kinski, Frank Wolff, Luigi Pistilli','Italy, France','Italian','105 min',1968),(266,'Closely Watched Trains','An apprentice train dispatcher at a village station seeks his first sexual encounter and becomes despondent when he is unable to perform.','Comedy, Drama, War','272.jpg','Václav Neckár, Josef Somr, Vlastimil Brodský, Vladimír Valenta','Czechoslovakia','Czech, German','93 min',1966),(267,'Far from Heaven','In 1950s Connecticut, a housewife faces a marital crisis and mounting racial tensions in the outside world.','Drama, Romance','273.jpg','Julianne Moore, Dennis Quaid, Dennis Haysbert, Patricia Clarkson','USA, France','English','107 min',2002),(268,'Betty Blue','Zorg is a handyman working at in France, maintaining and looking after the bungalows. He lives a quiet and peaceful life, working diligently and writing in his spare time. One day Betty ...','Drama, Romance','274.jpg','Jean-Hugues Anglade, Béatrice Dalle, Gérard Darmon, Consuelo De Haviland','France','French','120 min',1986),(272,'Total Recall','When a man goes for virtual vacation memories of the planet Mars, an unexpected and harrowing series of events forces him to go to the planet for real - or does he?','Action, Sci-Fi','278.jpg','Arnold Schwarzenegger, Rachel Ticotin, Sharon Stone, Ronny Cox','USA','English','113 min',1990),(273,'From Here to Eternity','In 1941 Hawaii, a private is cruelly punished for not boxing on his unit\'s team, while his captain\'s wife and second in command are falling in love.','Drama, Romance, War','279.jpg','Burt Lancaster, Montgomery Clift, Deborah Kerr, Donna Reed','USA','English','118 min',1953),(274,'My Darling Clementine','A Western retelling the tale of the Shoot-out at the OK Corral.','Drama, Western','280.jpg','Henry Fonda, Linda Darnell, Victor Mature, Cathy Downs','USA','English, Spanish','97 min',1946),(275,'Mary Poppins','A magic nanny comes to work for a cold banker\'s unhappy family.','Comedy, Family, Fantasy','281.jpg','Julie Andrews, Dick Van Dyke, David Tomlinson, Glynis Johns','USA','English','139 min',1964),(276,'Grave of the Fireflies','A young boy and his little sister struggle to survive in Japan during World War II.','Animation, Drama, War','282.jpg','Tsutomu Tatsumi, Ayano Shiraishi, Yoshiko Shinohara, Akemi Yamaguchi','Japan','Japanese, English','89 min',1988),(277,'Stranger than Paradise','A self-styled New York hipster is paid a surprise visit by his younger cousin from Budapest. From initial hostility and indifference a small degree of affection grows between the two. Along...','Comedy, Drama','283.jpg','John Lurie, Eszter Balint, Richard Edson, Cecillia Stark','USA, West Germany','English, Hungarian','89 min',1984),(278,'Children of Heaven','After a boy loses his sister\'s pair of shoes, he goes on a series of adventures in order to find them. When he can\'t, he tries a new way to \\win\\ a new pair.','Drama, Family','284.jpg','Mohammad Amir Naji, Amir Farrokh Hashemian, Bahare Seddiqi, Nafise Jafar-Mohammadi','Iran','Persian','89 min',1997),(280,'Peeping Tom','A young man murders women, using a movie camera to film their dying expressions of terror.','Drama, Horror, Thriller','286.jpg','Karlheinz Böhm, Moira Shearer, Anna Massey, Maxine Audley','UK','English','101 min',1960),(282,'Dark Passage','A man convicted of murdering his wife escapes from prison and works with a woman to try and prove his innocence.','Film-Noir, Thriller','288.jpg','Humphrey Bogart, Lauren Bacall, Bruce Bennett, Agnes Moorehead','USA','English','106 min',1947),(283,'Butch Cassidy and the Sundance Kid','Two Western bank/train robbers flee to Bolivia when the law gets too close.','Biography, Crime, Drama','289.jpg','Paul Newman, Robert Redford, Katharine Ross, Strother Martin','USA','English, Spanish','110 min',1969),(284,'3 Women','Pinky is an awkward adolescent who starts work at a spa in the California desert. She becomes overly attached to fellow spa attendant, Millie when she becomes Millie\'s room-mate. Millie is ...','Drama, Mystery, Thriller','290.jpg','Shelley Duvall, Sissy Spacek, Janice Rule, Robert Fortier','USA','English','124 min',1977),(287,'What a Girl Wants','An American teenager learns that her father is a wealthy British politician running for office. Although she is eager to find him, she realizes it could cause a scandal and cost him the election.','Comedy, Drama, Family','293.jpg','Amanda Bynes, Colin Firth, Kelly Preston, Eileen Atkins','USA','English','105 min',2003),(288,'French Kiss','A woman flies to France to confront her straying fiancé, but gets into trouble when the charming crook seated next to her uses her for smuggling.','Comedy, Drama, Romance','294.jpg','Meg Ryan, Kevin Kline, Timothy Hutton, Jean Reno','UK, USA','French, English','111 min',1995),(289,'Rabbit-Proof Fence','In 1931, three aboriginal girls escape after being plucked from their homes to be trained as domestic staff and set off on a trek across the Outback.','Adventure, Biography, Drama','295.jpg','Everlyn Sampi, Tianna Sansbury, Laura Monaghan, David Gulpilil','Australia','Aboriginal, English','94 min',2002),(290,'Gaslight','Years after her aunt was murdered in her home, a young woman moves back into the house with her new husband. However, he has a secret that he will do anything to protect, even if it means driving his wife insane.','Crime, Drama, Film-Noir','296.jpg','Charles Boyer, Ingrid Bergman, Joseph Cotten, Dame May Whitty','USA','English','114 min',1944),(291,'Analyze That','Mobster Paul Vitti is released into Dr. Ben Sobol\'s care, where only more chaos ensues.','Comedy, Crime','297.jpg','Robert De Niro, Billy Crystal, Lisa Kudrow, Joe Viterelli','USA','English','96 min',2002),(292,'High Noon','A marshall, personally compelled to face a returning deadly enemy, finds that his own town refuses to help him.','Western','298.jpg','Gary Cooper, Thomas Mitchell, Lloyd Bridges, Katy Jurado','USA','English, Spanish','85 min',1952),(293,'Midnight Cowboy','A naive hustler goes to New York to seek personal fortune but in the process finds himself a new friend.','Drama','299.jpg','Dustin Hoffman, Jon Voight, Sylvia Miles, John McGiver','USA','English, Italian','113 min',1969),(294,'Labyrinth','In the falangist Spain of 1944, the bookish young stepdaughter of a sadistic army officer escapes into an eerie but captivating fantasy world.','Drama, Fantasy, War','300.jpg','Ivana Baquero, Sergi López, Maribel Verdú, Doug Jones','Spain, Mexico, USA','Spanish','118 min',2006),(295,'Field of Dreams','An Iowa corn farmer, hearing voices, interprets them as a command to build a baseball diamond in his fields; he does, and the Chicago White Sox come.','Drama, Family, Fantasy','301.jpg','Kevin Costner, Amy Madigan, Gaby Hoffmann, Ray Liotta','USA','English','107 min',1989),(296,'The Matrix','A computer hacker learns from mysterious rebels about the true nature of his reality and his role in the war against its controllers.','Action, Sci-Fi','302.jpg','Keanu Reeves, Laurence Fishburne, Carrie-Anne Moss, Hugo Weaving','USA','English','136 min',1999),(297,'The Lost World: Jurassic Park','A research team is sent to the Jurassic Park Site B island to study the dinosaurs there while another team approaches with another agenda.','Action, Adventure, Sci-Fi','303.jpg','Jeff Goldblum, Julianne Moore, Pete Postlethwaite, Arliss Howard','USA','English, Spanish','129 min',1997),(298,'Guess Who\'s Coming to Dinner','A couple\'s attitudes are challenged when their daughter introduces them to her African-American fiancé.','Comedy, Drama, Romance','304.jpg','Spencer Tracy, Sidney Poitier, Katharine Hepburn, Katharine Houghton','USA','English','108 min',1967),(299,'Pillow Talk','A man and a woman who share a telephone line despise each other, but he has fun romancing her with his voice disguised.','Comedy, Romance','305.jpg','Rock Hudson, Doris Day, Tony Randall, Thelma Ritter','USA','French, English','102 min',1959),(300,'Beetlejuice','A couple of recently deceased ghosts contract the services of a \\bio-exorcist\\ in order to remove the obnoxious new owners of their house.','Comedy, Fantasy','306.jpg','Alec Baldwin, Geena Davis, Annie McEnroe, Maurice Page','USA','English','92 min',1988),(301,'Deconstructing Harry','Suffering from writer\'s block and eagerly awaiting his writing award, Harry Block remembers events from his past and scenes from his best-selling books as characters, real and fictional, come back to haunt him.','Comedy','307.jpg','Judy Davis, Julia Louis-Dreyfus, Stephanie Roth Haberle, Dan Frazer','USA','English','96 min',1997),(302,'Glengarry Glen Ross','An examination of the machinations behind the scenes at a real estate office.','Crime, Drama, Mystery','308.jpg','Al Pacino, Jack Lemmon, Alec Baldwin, Alan Arkin','USA','English','100 min',1992),(303,'Babe','Babe, a pig raised by sheepdogs, learns to herd sheep with a little help from Farmer Hoggett.','Comedy, Drama, Family','309.jpg','Christine Cavanaugh, Miriam Margolyes, Danny Mann, Hugo Weaving','Australia, USA','English','91 min',1995),(306,'Longtime Companion','The emergence and devastation of the AIDS epidemic is chronicled in the lives of several gay men living during the 1980s.','Drama, Romance','312.jpg','Campbell Scott, Patrick Cassidy, John Dossett, Mary-Louise Parker','USA','English','96 min',1989),(309,'Brigadoon','Two Americans on a hunting trip in Scotland become lost. They encounter a small village, not on the map, called Brigadoon, in which people harbor a mysterious secret, and behave as if they were still living two hundred years in the past.','Fantasy, Musical, Romance','315.jpg','Gene Kelly, Van Johnson, Cyd Charisse, Elaine Stewart','USA','English','108 min',1954),(310,'The Passion of Joan of Arc','A chronicle of the trial of Jeanne d\'Arc on charges of heresy, and the efforts of her ecclesiastical jurists to force Jeanne to recant her claims of holy visions.','Biography, Drama, History','316.jpg','Maria Falconetti, Eugene Silvain, André Berley, Maurice Schutz','France','French','114 min',1928),(311,'City Slickers','On the verge of turning 40, an unhappy Manhattan yuppie is roped into joining his two friends on a cattle drive in the southwest.','Comedy','317.jpg','Billy Crystal, Daniel Stern, Bruno Kirby, Patricia Wettig','USA','English','113 min',1991),(313,'Short Cuts','The day-to-day lives of a number of suburban Los Angeles residents.','Comedy, Drama','319.jpg','Andie MacDowell, Bruce Davison, Jack Lemmon, Zane Cassidy','USA','English','187 min',1993),(314,'Witness','A young Amish boy is sole witness to a murder; policeman John Book goes into hiding in Amish country to protect him until the trial.','Crime, Drama, Romance','320.jpg','Harrison Ford, Kelly McGillis, Josef Sommer, Lukas Haas','USA','English, German','112 min',1985),(316,'Mr. Smith Goes to Washington','A naive man is appointed to fill a vacancy in the United States Senate. His plans promptly collide with political corruption, but he doesn\'t back down.','Comedy, Drama','322.jpg','Jean Arthur, James Stewart, Claude Rains, Edward Arnold','USA','English','129 min',1939),(317,'The Firm','A young lawyer joins a prestigious law firm only to discover that it has a sinister dark side.','Drama, Mystery, Thriller','323.jpg','Tom Cruise, Jeanne Tripplehorn, Gene Hackman, Hal Holbrook','USA','English','154 min',1993),(320,'What About Bob?','A successful psychotherapist loses his mind after one of his most dependent patients, a manipulative, obsessively compulsive narcissist, tracks him down during his family vacation.','Comedy','326.jpg','Bill Murray, Richard Dreyfuss, Julie Hagerty, Charlie Korsmo','USA','English','99 min',1991),(321,'sex','A New York writer on sex and love is finally getting married to her Mr. Big. But her three best girlfriends must console her after one of them inadvertently leads Mr. Big to jilt her.','Comedy, Drama, Romance','327.jpg','Sarah Jessica Parker, Kim Cattrall, Kristin Davis, Cynthia Nixon','USA','English','145 min',2008),(323,'The Ox-Bow Incident','When a posse catches up three men suspected of killing a local farmer, some of them become strongly divided on whether or not to lynch the men.','Drama, Western','329.jpg','Henry Fonda, Dana Andrews, Mary Beth Hughes, Anthony Quinn','USA','English, Spanish','75 min',1943),(324,'Easy Rider','Two counterculture bikers travel from Los Angeles to New Orleans in search of America.','Adventure, Drama','330.jpg','Peter Fonda, Dennis Hopper, Antonio Mendoza, Phil Spector','USA','English, Spanish','95 min',1969),(325,'Husbands and Wives','When their best friends announce that they\'re separating, a professor and his wife discover the faults in their own marriage.','Comedy, Drama, Romance','331.jpg','Nick Metropolis, Woody Allen, Mia Farrow, Sydney Pollack','USA','English','103 min',1992),(326,'Dead Man','A nun, while comforting a convicted killer on death row, empathizes with both the killer and his victim\'s families.','Crime, Drama','332.jpg','Susan Sarandon, Sean Penn, Robert Prosky, Raymond J. Barry','UK, USA','English','122 min',1995),(328,'American Beauty','A sexually frustrated suburban father has a mid-life crisis after becoming infatuated with his daughter\'s best friend.','Drama','334.jpg','Kevin Spacey, Annette Bening, Thora Birch, Wes Bentley','USA','English','122 min',1999),(329,'Poltergeist','A family\'s home is haunted by a host of ghosts.','Fantasy, Horror','335.jpg','Craig T. Nelson, JoBeth Williams, Beatrice Straight, Dominique Dunne','USA','English','114 min',1982),(330,'A Raisin in the Sun','A substantial insurance payment could mean either financial salvation or personal ruin for a poor black family.','Drama','336.jpg','Sidney Poitier, Claudia McNeil, Ruby Dee, Diana Sands','USA','English','128 min',1961),(331,'September','At a summer house in Vermont, neighbor Howard falls in love with Lane, who\'s in a relationship with Peter, who\'s falling for Stephanie, who\'s married with children.','Drama','337.jpg','Denholm Elliott, Dianne Wiest, Mia Farrow, Elaine Stritch','USA','French, English','82 min',1987),(333,'Pollock','A film about the life and career of the American painter, Jackson Pollock.','Biography, Drama','339.jpg','Ed Harris, Robert Knott, Molly Regan, Marcia Gay Harden','USA','English','122 min',2000),(334,'Same Time','A man and woman meet by chance at a romantic inn over dinner. Although both are married to others, they find themselves in the same bed the next morning questioning how this could have ...','Comedy, Drama, Romance','340.jpg','Ellen Burstyn, Alan Alda, Ivan Bonar, Bernie Kuby','USA','English','119 min',1978),(335,'Sex and Lucia','Various lives converge on an isolated island, all connected by an author whose novel has become inextricably entwined with his own life.','Drama, Romance','341.jpg','Paz Vega, Tristán Ulloa, Najwa Nimri, Daniel Freire','Spain, France','Spanish, English','128 min',2001),(337,'The Man from Laramie','A stranger defies the local cattle baron and his sadistic son by working for one of his oldest rivals.','Drama, Western','343.jpg','James Stewart, Arthur Kennedy, Donald Crisp, Cathy O\'Donnell','USA','English','104 min',1955),(338,'Fantasia','A collection of animated interpretations of great works of Western classical music.','Animation, Family, Fantasy','344.jpg','Leopold Stokowski, Deems Taylor','USA','English','125 min',1940),(339,'Kissed','A journalist enrolls in her old highschool as part of her research for a story.','Comedy, Drama, Romance','345.jpg','Drew Barrymore, David Arquette, Michael Vartan, Molly Shannon','USA','English','107 min',1999),(340,'Say Anything','A noble underachiever and a beautiful valedictorian fall in love the summer before she goes off to college.','Comedy, Drama, Romance','346.jpg','John Cusack, Ione Skye, John Mahoney, Lili Taylor','USA','English','100 min',1989),(341,'Drugstore Cowboy','A pharmacy-robbing dope fiend and his crew pop pills and evade the law.','Crime, Drama','347.jpg','Matt Dillon, Kelly Lynch, James Le Gros, Heather Graham','USA','English','102 min',1989),(342,'Radio Days','A nostalgic look at radio\'s golden age focusing on one ordinary family and the various performers in the medium.','Comedy','348.jpg','Mike Starr, Paul Herman, Don Pardo, Martin Rosenblatt','USA','English','88 min',1987),(343,'The Terminator','A human-looking indestructible cyborg is sent from 2029 to 1984 to assassinate a waitress, whose unborn son will lead humanity in a war against the machines, while a soldier from that war is sent to protect her at all costs.','Action, Sci-Fi','349.jpg','Arnold Schwarzenegger, Michael Biehn, Linda Hamilton, Paul Winfield','UK, USA','English, Spanish','107 min',1984),(344,'Wayne\'s World 2','The inseparable duo try to organize a rock concert while Wayne must fend off a record producer who has an eye for his girlfriend.','Comedy, Music','350.jpg','Mike Myers, Dana Carvey, Christopher Walken, Tia Carrere','USA','Cantonese, English','95 min',1993),(345,'Star Wars: Episode IV: A New Hope','Luke Skywalker joins forces with a Jedi Knight, a cocky pilot, a wookiee and two droids to save the galaxy from the Empire\'s world-destroying battle-station, while also attempting to rescue Princess Leia from the evil Darth Vader.','Action, Adventure, Fantasy','351.jpg','Mark Hamill, Harrison Ford, Carrie Fisher, Peter Cushing','USA','English','121 min',1977),(346,'Lost in Space','The Robinson family was going into space to fight for a chance for humanity. Now they are fighting to live long enough to find a way home.','Action, Adventure, Family','352.jpg','William Hurt, Mimi Rogers, Heather Graham, Lacey Chabert','USA','English','130 min',1998),(347,'Crouching Tiger','Two warriors in pursuit of a stolen sword and a notorious fugitive are led to an impetuous, physically skilled, adolescent nobleman\'s daughter, who is at a crossroads in her life.','Action, Drama, Romance','353.jpg','Yun-Fat Chow, Michelle Yeoh, Ziyi Zhang, Chen Chang','Taiwan, Hong Kong, USA, China','Mandarin','120 min',2000),(348,'The Shop Around the Corner','Two employees at a gift shop can barely stand one another, without realizing that they\'re falling in love through the post as each other\'s anonymous pen pal.','Comedy, Drama, Romance','354.jpg','Margaret Sullavan, James Stewart, Frank Morgan, Joseph Schildkraut','USA','English','99 min',1940),(350,'Kindergarten Cop','A tough cop is given his most difficult assignment ever: to masquerade as a kindergarten teacher in order to find a drug dealer.','Action, Comedy, Crime','356.jpg','Arnold Schwarzenegger, Penelope Ann Miller, Pamela Reed, Linda Hunt','USA','English, Spanish','111 min',1990),(351,'Big Momma\'s House','To protect a beautiful woman (Nia Long) and her son (Jascha Washington) from a robber (Terrence Howard), a male FBI agent (Martin Lawrence) disguises as a large grandmother.','Action, Comedy, Crime','357.jpg','Martin Lawrence, Nia Long, Paul Giamatti, Jascha Washington','USA, Germany','English','99 min',2000),(352,'Beethoven','A slobbering St. Bernard becomes the center of attention for a loving family, but must contend with a dog-napping veterinarian and his henchmen.','Comedy, Drama, Family','358.jpg','Charles Grodin, Bonnie Hunt, Dean Jones, Nicholle Tom','USA','English','87 min',1992),(353,'Will Penny','Aging cowboy Will Penny gets a line camp job on a large cattle spread and finds his isolated cabin is already occupied by a husbandless woman and her young son.','Romance, Western','359.jpg','Charlton Heston, Joan Hackett, Donald Pleasence, Lee Majors','USA','English','108 min',1967),(354,'Good Morning','An unorthodox and irreverent DJ begins to shake up things when he is assigned to the US Armed Services Radio station in Vietnam.','Biography, Comedy, Drama','360.jpg','Robin Williams, Forest Whitaker, Tung Thanh Tran, Chintara Sukapatana','USA','English','121 min',1987),(355,'The Birdcage','A gay cabaret owner and his drag queen companion agree to put up a false straight front so that their son can introduce them to his fiancée\'s right-wing moralistic parents.','Comedy','361.jpg','Robin Williams, Gene Hackman, Nathan Lane, Dianne Wiest','USA','English','117 min',1996),(356,'Dangerous Beauty','A Venetian courtesan becomes a hero to her city, but later becomes the target of an inquisition by the Church for witchcraft.','Biography, Drama, Romance','362.jpg','Catherine McCormack, Rufus Sewell, Oliver Platt, Fred Ward','USA','English','111 min',1998),(357,'Meet Joe Black','Death, who takes the form of a young man, asks a media mogul to act as a guide to teach him about life on Earth and in the process he falls in love with his guide\'s daughter.','Drama, Fantasy, Romance','363.jpg','Brad Pitt, Anthony Hopkins, Claire Forlani, Jake Weber','USA','English, Dutch','178 min',1998),(359,'Murder By Numbers','Two gifted high school students execute a \\perfect\\ murder - then become engaged in an intellectual contest with a seasoned homicide detective.','Crime, Mystery, Thriller','365.jpg','Sandra Bullock, Ben Chaplin, Ryan Gosling, Michael Pitt','USA','English','115 min',2002),(360,'West Side Story','Two youngsters from rival New York City gangs fall in love, but tensions between their respective friends build toward tragedy.','Crime, Drama, Musical','366.jpg','Natalie Wood, Richard Beymer, Russ Tamblyn, Rita Moreno','USA','English, Spanish','152 min',1961),(362,'K-Pax','PROT is a patient at a mental hospital who claims to be from a far away planet. His psychiatrist tries to help him, only to begin to doubt his own explanations.','Drama, Mystery, Sci-Fi','368.jpg','Kevin Spacey, Jeff Bridges, Mary McCormack, Alfre Woodard','USA, Germany','English','120 min',2001),(363,'Unforgiven','Retired Old West gunslinger William Munny reluctantly takes on one last job, with the help of his old partner and a young man.','Drama, Western','369.jpg','Clint Eastwood, Gene Hackman, Morgan Freeman, Richard Harris','USA','English','131 min',1992),(364,'Baraka','A collection of expertly photographed scenes of human life and religion.','Documentary','370.jpg','N/A','USA','None','96 min',1992),(365,'Highlander','An immortal Scottish swordsman must confront the last of his immortal opponent, a murderously brutal barbarian who lusts for the fabled \\Prize\\.','Action, Adventure, Fantasy','371.jpg','Christopher Lambert, Roxanne Hart, Clancy Brown, Sean Connery','UK','English','116 min',1986),(366,'American Splendor','An original mix of fiction and reality illuminates the life of comic book hero everyman Harvey Pekar.','Biography, Comedy, Drama','372.jpg','Chris Ambrose, Joey Krajcar, Josh Hutcherson, Cameron Carter','USA','English','101 min',2003),(368,'Mona Lisa','A free-thinking art professor teaches conservative 1950s Wellesley girls to question their traditional social roles.','Drama','374.jpg','Julia Roberts, Kirsten Dunst, Julia Stiles, Maggie Gyllenhaal','USA','English, Italian','117 min',2003),(369,'Maverick','Bret Maverick, needing money for a poker tournament, faces various comic mishaps and challenges, including a charming woman thief.','Action, Adventure, Comedy','375.jpg','Mel Gibson, Jodie Foster, James Garner, Graham Greene','USA','English','127 min',1994),(370,'Take the Money and Run','The life and times of Virgil Starkwell, inept bank robber.','Comedy, Crime','376.jpg','Woody Allen, Janet Margolin, Marcel Hillaire, Jacquelyn Hyde','USA','English','85 min',1969),(371,'Kagemusha','A petty thief with an utter resemblance to a samurai warlord is hired as the lord\'s double. When the warlord later dies the thief is forced to take up arms in his place.','Drama, History, War','377.jpg','Tatsuya Nakadai, Tsutomu Yamazaki, Ken\'ichi Hagiwara, Jinpachi Nezu','Japan, USA','Japanese','162 min',1980),(374,'Halloween','On Halloween night of 1963, six-year-old Michael Myers stabbed his sister to death. After sitting in a mental hospital for 15 years, Myers escapes and returns to Haddonfield to kill.','Horror, Thriller','380.jpg','Donald Pleasence, Jamie Lee Curtis, Nancy Kyes, P.J. Soles','USA','English','91 min',1978),(375,'Dune','A Duke\'s son leads desert warriors against the galactic emperor and his father\'s evil nemesis when they assassinate his father and free their desert world from the emperor\'s rule.','Action, Adventure, Sci-Fi','381.jpg','Francesca Annis, Leonardo Cimino, Brad Dourif, José Ferrer','USA','English, Italian','137 min',1984),(379,'Cape Fear','A convicted rapist, released from prison after serving a fourteen-year sentence, stalks the family of the lawyer who originally defended him.','Crime, Thriller','385.jpg','Robert De Niro, Nick Nolte, Jessica Lange, Juliette Lewis','USA','English','128 min',1991),(381,'Bird','An old flame discovers her ex-boyfriend from the past is a relocated FBI informant out to stop the bad guys.','Action, Comedy','387.jpg','Mel Gibson, Goldie Hawn, David Carradine, Bill Duke','USA','English','110 min',1990),(382,'Xanadu','The story of a girl who makes dreams come true.','Fantasy, Musical, Romance','388.jpg','Olivia Newton-John, Gene Kelly, Michael Beck, James Sloyan','USA','English','96 min',1980),(383,'The King is Alive','When a bus breaks down in the desert, the passengers decide to stage \\King Lear.\\','Drama','389.jpg','Miles Anderson, Romane Bohringer, David Bradley, David Calder','Denmark, Sweden, USA','French, English','110 min',2000),(384,'Malcolm X','Biographical epic of the controversial and influential Black Nationalist leader, from his early life and career as a small-time gangster, to his ministry as a member of the Nation of Islam.','Biography, Drama, History','390.jpg','Denzel Washington, Angela Bassett, Albert Hall, Al Freeman Jr.','USA, Japan','English','202 min',1992),(385,'Dumbo','Ridiculed because of his enormous ears, a young circus elephant is assisted by a mouse to achieve his full potential.','Animation, Drama, Family','391.jpg','James Baskett, Herman Bing, Billy Bletcher, Edward Brophy','USA','English','64 min',1941),(386,'Metropolis','In a futuristic city sharply divided between the working class and the city planners, the son of the city\'s mastermind falls in love with a working class prophet who predicts the coming of a savior to mediate their differences.','Drama, Sci-Fi','392.jpg','Alfred Abel, Gustav Fröhlich, Rudolf Klein-Rogge, Fritz Rasp','Germany','German','153 min',1927),(387,'Zelig','\\Documentary\\ about a man who can look and act like whoever he\'s around, and meets various famous people.','Comedy','393.jpg','Woody Allen, Mia Farrow, Patrick Horgan, John Buckwalter','USA','English, German','79 min',1983),(388,'Deep Impact','Unless a comet can be destroyed before colliding with Earth, only those allowed into shelters will survive. Which people will survive?','Action, Drama, Sci-Fi','394.jpg','Robert Duvall, Téa Leoni, Elijah Wood, Vanessa Redgrave','USA','English','120 min',1998),(390,'The Stunt Man','A fugitive stumbles on a movie set just when they need a new stunt man, takes the job as a way to hide out, and falls for the leading lady.','Action, Comedy, Drama','396.jpg','Peter O\'Toole, Steve Railsback, Barbara Hershey, Allen Garfield','USA','English','131 min',1980),(391,'Secretary','A young woman, recently released from a mental hospital, gets a job as a secretary to a demanding lawyer, where their employer-employee relationship turns into a sexual, sadomasochistic one.','Comedy, Drama, Romance','397.jpg','James Spader, Maggie Gyllenhaal, Jeremy Davies, Lesley Ann Warren','USA','English','104 min',2002),(393,'The Treasure of the Sierra Madre','Fred Dobbs and Bob Curtin, two Americans searching for work in Mexico, convince an old prospector to help them mine for gold in the Sierra Madre Mountains.','Adventure, Drama','399.jpg','Humphrey Bogart, Walter Huston, Tim Holt, Bruce Bennett','USA','English, Spanish','126 min',1948),(395,'Anchors Aweigh','Two sailors, one naive, the other experienced in the ways of the world, on liberty in Los Angeles, is the setting for this movie musical.','Comedy, Fantasy, Musical','402.jpg','Frank Sinatra, Kathryn Grayson, Gene Kelly, José Iturbi','USA','English, Spanish','143 min',1945),(396,'The Life of David Gale','A man against capital punishment is accused of murdering a fellow activist and is sent to death row.','Crime, Drama, Thriller','403.jpg','Kate Winslet, Cleo King, Constance Jones, Kevin Spacey','USA, Germany, UK','English, Spanish','130 min',2003),(397,'Apollo 13','NASA must devise a strategy to return Apollo 13 to Earth safely after the spacecraft undergoes massive internal damage putting the lives of the three astronauts on board in jeopardy.','Adventure, Drama, History','407.jpg','Tom Hanks, Bill Paxton, Kevin Bacon, Gary Sinise','USA','English','140 min',1995),(398,'Interiors','Three sisters find their lives spinning out of control in the wake of their parents\' sudden, unexpected divorce.','Drama','408.jpg','Kristin Griffith, Mary Beth Hurt, Richard Jordan, Diane Keaton','USA','English','93 min',1978),(399,'Derrida','Documentary about French philosopher (and author of deconstructionism) Jacques Derrida, who sparked fierce debate throughout American academia.','Documentary','409.jpg','Jacques Derrida, Marguerite Derrida, René Major, Chantal Major','USA','English, French','84 min',2002);
/*!40000 ALTER TABLE `movies_movie` ENABLE KEYS */;
UNLOCK TABLES;

--
-- Table structure for table `movies_rating`
--

DROP TABLE IF EXISTS `movies_rating`;
/*!40101 SET @saved_cs_client     = @@character_set_client */;
/*!40101 SET character_set_client = utf8 */;
CREATE TABLE `movies_rating` (
  `id` int(11) NOT NULL AUTO_INCREMENT,
  `rating` int(11) NOT NULL,
  `movieId_id` int(11) NOT NULL,
  `userId_id` int(11) NOT NULL,
  PRIMARY KEY (`id`),
  KEY `movies_rating_movieId_id_3afda405_fk_movies_movie_id` (`movieId_id`),
  KEY `movies_rating_userId_id_6a89bcbd_fk_auth_user_id` (`userId_id`),
  CONSTRAINT `movies_rating_movieId_id_3afda405_fk_movies_movie_id` FOREIGN KEY (`movieId_id`) REFERENCES `movies_movie` (`id`),
  CONSTRAINT `movies_rating_userId_id_6a89bcbd_fk_auth_user_id` FOREIGN KEY (`userId_id`) REFERENCES `auth_user` (`id`)
) ENGINE=InnoDB DEFAULT CHARSET=utf8;
/*!40101 SET character_set_client = @saved_cs_client */;

--
-- Dumping data for table `movies_rating`
--

LOCK TABLES `movies_rating` WRITE;
/*!40000 ALTER TABLE `movies_rating` DISABLE KEYS */;
/*!40000 ALTER TABLE `movies_rating` ENABLE KEYS */;
UNLOCK TABLES;
/*!40103 SET TIME_ZONE=@OLD_TIME_ZONE */;

/*!40101 SET SQL_MODE=@OLD_SQL_MODE */;
/*!40014 SET FOREIGN_KEY_CHECKS=@OLD_FOREIGN_KEY_CHECKS */;
/*!40014 SET UNIQUE_CHECKS=@OLD_UNIQUE_CHECKS */;
/*!40101 SET CHARACTER_SET_CLIENT=@OLD_CHARACTER_SET_CLIENT */;
/*!40101 SET CHARACTER_SET_RESULTS=@OLD_CHARACTER_SET_RESULTS */;
/*!40101 SET COLLATION_CONNECTION=@OLD_COLLATION_CONNECTION */;
/*!40111 SET SQL_NOTES=@OLD_SQL_NOTES */;

-- Dump completed on 2016-11-26 18:03:13
